order_id,customer_id,order_date,product_category,order_value,fulfillment_type,seller_id
ORD-00001,CUST-7210,6/19/2024,Fashion,12514,FBF,SELL-764
ORD-00002,CUST-8817,3/16/2024,Home,3281,FBF,SELL-985
ORD-00003,CUST-5955,10/8/2024,Electronics,13932,FBF,SELL-205
ORD-00004,CUST-5449,10/24/2024,Books,4664,FBF,SELL-614
ORD-00005,CUST-1902,5/30/2024,Home,3127,FBF,SELL-747
ORD-00006,CUST-9744,7/30/2024,Electronics,14353,FBA,SELL-621
ORD-00007,CUST-5172,1/23/2024,Fashion,13926,FBA,SELL-668
ORD-00008,CUST-9189,4/10/2024,Home,9551,FBA,SELL-729
ORD-00009,CUST-4935,11/9/2024,Home,9408,FBF,SELL-401
ORD-00010,CUST-8535,8/18/2024,Electronics,2194,Seller,SELL-495
ORD-00011,CUST-8550,3/5/2024,Fashion,13558,FBF,SELL-226
ORD-00012,CUST-7950,5/3/2024,Books,4665,FBA,SELL-414
ORD-00013,CUST-8112,10/22/2024,Books,1411,FBF,SELL-163
ORD-00014,CUST-5532,9/23/2024,Books,10170,FBA,SELL-666
ORD-00015,CUST-3694,12/12/2024,Home,14745,Seller,SELL-723
ORD-00016,CUST-5958,8/16/2024,Books,9697,FBF,SELL-185
ORD-00017,CUST-3981,8/15/2024,Electronics,13017,Seller,SELL-501
ORD-00018,CUST-5556,3/23/2024,Books,8706,FBA,SELL-401
ORD-00019,CUST-2506,1/3/2024,Home,14586,FBF,SELL-670
ORD-00020,CUST-7206,6/3/2024,Home,418,FBF,SELL-646
ORD-00021,CUST-9857,7/24/2024,Home,3477,FBA,SELL-614
ORD-00022,CUST-8109,7/15/2024,Books,4029,FBF,SELL-854
ORD-00023,CUST-8415,2/23/2024,Fashion,11485,FBA,SELL-923
ORD-00024,CUST-2082,7/14/2024,Electronics,6010,FBA,SELL-736
ORD-00025,CUST-4733,4/2/2024,Home,12431,FBF,SELL-797
ORD-00026,CUST-1991,5/1/2024,Books,11879,FBF,SELL-800
ORD-00027,CUST-4755,1/20/2024,Fashion,1956,Seller,SELL-938
ORD-00028,CUST-6521,1/29/2024,Fashion,8393,Seller,SELL-346
ORD-00029,CUST-7438,3/5/2024,Home,4842,Seller,SELL-419
ORD-00030,CUST-4778,5/27/2024,Fashion,10775,Seller,SELL-214
ORD-00031,CUST-2640,6/4/2024,Electronics,3517,FBA,SELL-947
ORD-00032,CUST-2769,2/7/2024,Electronics,12511,Seller,SELL-678
ORD-00033,CUST-9097,10/8/2024,Electronics,256,FBF,SELL-263
ORD-00034,CUST-4460,6/2/2024,Electronics,4012,Seller,SELL-971
ORD-00035,CUST-6253,11/4/2024,Fashion,13888,FBA,SELL-207
ORD-00036,CUST-2538,12/9/2024,Home,2289,FBF,SELL-935
ORD-00037,CUST-7171,11/25/2024,Fashion,12247,FBA,SELL-713
ORD-00038,CUST-1872,1/4/2024,Books,241,FBF,SELL-173
ORD-00039,CUST-6552,8/28/2024,Books,5234,Seller,SELL-971
ORD-00040,CUST-7976,1/10/2024,Fashion,1119,FBA,SELL-932
ORD-00041,CUST-5876,11/30/2024,Books,7956,FBF,SELL-361
ORD-00042,CUST-3182,10/10/2024,Fashion,11793,Seller,SELL-577
ORD-00043,CUST-2060,4/23/2024,Books,6774,FBA,SELL-251
ORD-00044,CUST-5931,6/2/2024,Home,6233,Seller,SELL-227
ORD-00045,CUST-7496,10/10/2024,Books,13882,FBA,SELL-562
ORD-00046,CUST-3693,10/4/2024,Books,645,FBA,SELL-116
ORD-00047,CUST-9724,9/13/2024,Electronics,3950,FBF,SELL-632
ORD-00048,CUST-8409,2/7/2024,Home,12281,Seller,SELL-484
ORD-00049,CUST-7310,4/16/2024,Home,11054,FBA,SELL-328
ORD-00050,CUST-1457,9/27/2024,Fashion,14628,FBF,SELL-402
ORD-00051,CUST-9289,4/2/2024,Books,12053,Seller,SELL-141
ORD-00052,CUST-5018,1/13/2024,Books,12053,FBF,SELL-441
ORD-00053,CUST-2688,6/30/2024,Electronics,8404,FBF,SELL-319
ORD-00054,CUST-2799,8/9/2024,Books,5023,Seller,SELL-392
ORD-00055,CUST-6868,5/21/2024,Home,14796,Seller,SELL-125
ORD-00056,CUST-2586,4/2/2024,Electronics,11125,FBA,SELL-806
ORD-00057,CUST-8902,1/23/2024,Fashion,4617,FBA,SELL-831
ORD-00058,CUST-7962,9/16/2024,Electronics,6767,FBA,SELL-463
ORD-00059,CUST-8329,5/13/2024,Fashion,14762,Seller,SELL-821
ORD-00060,CUST-8251,5/21/2024,Fashion,2585,Seller,SELL-938
ORD-00061,CUST-4940,11/9/2024,Electronics,5677,FBA,SELL-808
ORD-00062,CUST-9627,3/30/2024,Home,12785,Seller,SELL-342
ORD-00063,CUST-2656,2/25/2024,Home,4817,Seller,SELL-656
ORD-00064,CUST-8518,4/27/2024,Fashion,5247,Seller,SELL-889
ORD-00065,CUST-2690,4/23/2024,Books,7694,FBA,SELL-894
ORD-00066,CUST-8494,4/11/2024,Fashion,2609,FBF,SELL-644
ORD-00067,CUST-8757,7/7/2024,Books,9880,FBF,SELL-861
ORD-00068,CUST-5059,8/4/2024,Fashion,12264,FBA,SELL-222
ORD-00069,CUST-2280,5/13/2024,Books,5160,FBF,SELL-879
ORD-00070,CUST-9170,4/16/2024,Electronics,1331,Seller,SELL-392
ORD-00071,CUST-1250,11/30/2024,Books,10709,FBA,SELL-138
ORD-00072,CUST-8161,4/22/2024,Fashion,6552,FBA,SELL-295
ORD-00073,CUST-4311,2/23/2024,Electronics,13805,FBA,SELL-582
ORD-00074,CUST-4425,8/15/2024,Home,14151,FBA,SELL-756
ORD-00075,CUST-1539,8/28/2024,Books,2784,FBF,SELL-835
ORD-00076,CUST-5071,10/17/2024,Electronics,3332,Seller,SELL-924
ORD-00077,CUST-8293,9/18/2024,Fashion,1752,FBF,SELL-507
ORD-00078,CUST-1395,4/3/2024,Fashion,13520,FBA,SELL-420
ORD-00079,CUST-1906,12/16/2024,Electronics,1290,FBA,SELL-491
ORD-00080,CUST-5865,2/18/2024,Home,705,FBF,SELL-688
ORD-00081,CUST-9823,6/25/2024,Books,7902,FBF,SELL-957
ORD-00082,CUST-7745,8/19/2024,Electronics,7365,FBF,SELL-241
ORD-00083,CUST-9989,6/18/2024,Electronics,7808,FBA,SELL-738
ORD-00084,CUST-9431,8/19/2024,Electronics,163,Seller,SELL-332
ORD-00085,CUST-9231,4/26/2024,Electronics,7761,FBA,SELL-872
ORD-00086,CUST-3374,3/24/2024,Books,14937,FBA,SELL-642
ORD-00087,CUST-8985,8/7/2024,Home,3534,FBA,SELL-914
ORD-00088,CUST-7082,7/29/2024,Electronics,14792,Seller,SELL-770
ORD-00089,CUST-7331,11/28/2024,Electronics,1793,Seller,SELL-273
ORD-00090,CUST-4323,3/25/2024,Books,456,FBF,SELL-182
ORD-00091,CUST-8286,8/31/2024,Books,10597,FBA,SELL-913
ORD-00092,CUST-2467,4/20/2024,Electronics,12535,Seller,SELL-868
ORD-00093,CUST-8126,8/11/2024,Books,2230,FBF,SELL-884
ORD-00094,CUST-2978,3/17/2024,Books,1547,FBF,SELL-973
ORD-00095,CUST-9217,11/4/2024,Electronics,894,Seller,SELL-203
ORD-00096,CUST-1311,4/26/2024,Books,14029,Seller,SELL-205
ORD-00097,CUST-1158,1/23/2024,Fashion,10769,FBA,SELL-743
ORD-00098,CUST-4249,2/8/2024,Fashion,5839,FBF,SELL-411
ORD-00099,CUST-5847,11/9/2024,Books,5409,Seller,SELL-345
ORD-00100,CUST-9467,7/30/2024,Electronics,523,FBF,SELL-709
ORD-00101,CUST-4962,8/12/2024,Home,14220,FBA,SELL-669
ORD-00102,CUST-7099,12/15/2024,Fashion,6285,FBA,SELL-228
ORD-00103,CUST-4704,6/19/2024,Home,9436,Seller,SELL-554
ORD-00104,CUST-2365,2/16/2024,Electronics,5832,FBF,SELL-302
ORD-00105,CUST-4274,2/27/2024,Electronics,10912,Seller,SELL-979
ORD-00106,CUST-1093,7/2/2024,Electronics,3673,Seller,SELL-875
ORD-00107,CUST-8553,4/7/2024,Home,14312,FBF,SELL-550
ORD-00108,CUST-5512,8/16/2024,Home,6281,Seller,SELL-891
ORD-00109,CUST-9432,1/31/2024,Books,12698,FBF,SELL-976
ORD-00110,CUST-8346,7/30/2024,Electronics,6003,FBA,SELL-341
ORD-00111,CUST-3186,1/10/2024,Home,6128,FBA,SELL-319
ORD-00112,CUST-7599,5/25/2024,Books,14819,FBA,SELL-945
ORD-00113,CUST-1341,4/17/2024,Books,6336,FBA,SELL-754
ORD-00114,CUST-7949,11/22/2024,Electronics,10260,Seller,SELL-944
ORD-00115,CUST-9932,1/26/2024,Home,3419,FBF,SELL-176
ORD-00116,CUST-3034,7/17/2024,Electronics,6494,Seller,SELL-103
ORD-00117,CUST-6165,12/13/2024,Home,13965,FBF,SELL-898
ORD-00118,CUST-6388,8/12/2024,Electronics,4803,FBA,SELL-943
ORD-00119,CUST-3636,1/16/2024,Home,5000,FBF,SELL-532
ORD-00120,CUST-3218,6/30/2024,Electronics,2931,Seller,SELL-705
ORD-00121,CUST-4933,3/18/2024,Fashion,7797,FBF,SELL-269
ORD-00122,CUST-3955,11/6/2024,Fashion,12623,Seller,SELL-974
ORD-00123,CUST-8919,12/5/2024,Home,12388,FBF,SELL-860
ORD-00124,CUST-8194,2/11/2024,Fashion,1414,Seller,SELL-718
ORD-00125,CUST-2258,5/29/2024,Electronics,10204,FBA,SELL-405
ORD-00126,CUST-4781,3/16/2024,Home,9024,Seller,SELL-314
ORD-00127,CUST-8498,4/17/2024,Fashion,9784,FBA,SELL-189
ORD-00128,CUST-5835,5/30/2024,Books,3561,FBA,SELL-689
ORD-00129,CUST-8604,12/29/2024,Home,4038,FBA,SELL-608
ORD-00130,CUST-7449,1/17/2024,Electronics,2666,Seller,SELL-761
ORD-00131,CUST-5260,7/27/2024,Fashion,11752,FBA,SELL-845
ORD-00132,CUST-7354,4/14/2024,Fashion,14669,FBA,SELL-438
ORD-00133,CUST-2463,2/27/2024,Books,7547,FBA,SELL-397
ORD-00134,CUST-2617,10/4/2024,Electronics,5767,FBF,SELL-587
ORD-00135,CUST-9961,9/12/2024,Electronics,9134,Seller,SELL-164
ORD-00136,CUST-4871,12/2/2024,Fashion,2039,Seller,SELL-986
ORD-00137,CUST-7726,4/12/2024,Electronics,12926,FBA,SELL-718
ORD-00138,CUST-4131,6/15/2024,Electronics,10008,FBA,SELL-247
ORD-00139,CUST-5594,2/14/2024,Home,8763,Seller,SELL-280
ORD-00140,CUST-3302,4/28/2024,Fashion,432,Seller,SELL-392
ORD-00141,CUST-3916,6/28/2024,Home,13279,FBA,SELL-784
ORD-00142,CUST-4459,6/19/2024,Home,5664,FBF,SELL-976
ORD-00143,CUST-7125,1/31/2024,Home,9261,Seller,SELL-723
ORD-00144,CUST-1808,2/7/2024,Home,12614,Seller,SELL-901
ORD-00145,CUST-6652,10/30/2024,Home,4685,FBF,SELL-834
ORD-00146,CUST-5023,8/25/2024,Electronics,11557,FBF,SELL-889
ORD-00147,CUST-2522,1/24/2024,Home,3775,FBA,SELL-888
ORD-00148,CUST-2609,10/25/2024,Home,1218,FBA,SELL-910
ORD-00149,CUST-5976,8/28/2024,Fashion,599,FBA,SELL-614
ORD-00150,CUST-7578,10/7/2024,Home,9772,Seller,SELL-396
ORD-00151,CUST-3701,10/14/2024,Home,9625,FBF,SELL-808
ORD-00152,CUST-2246,4/2/2024,Books,8088,Seller,SELL-260
ORD-00153,CUST-3676,1/16/2024,Electronics,11618,FBA,SELL-145
ORD-00154,CUST-2555,1/11/2024,Fashion,9692,FBF,SELL-586
ORD-00155,CUST-4081,11/10/2024,Books,8620,Seller,SELL-196
ORD-00156,CUST-5900,1/1/2024,Electronics,6311,FBF,SELL-198
ORD-00157,CUST-4369,7/5/2024,Electronics,13082,FBF,SELL-121
ORD-00158,CUST-1136,9/21/2024,Fashion,8172,FBA,SELL-503
ORD-00159,CUST-9572,9/28/2024,Books,6563,FBF,SELL-389
ORD-00160,CUST-7130,9/28/2024,Home,13895,Seller,SELL-269
ORD-00161,CUST-3981,9/23/2024,Fashion,2205,FBF,SELL-882
ORD-00162,CUST-3557,10/10/2024,Fashion,12602,FBA,SELL-861
ORD-00163,CUST-3803,8/7/2024,Home,2410,FBA,SELL-431
ORD-00164,CUST-2058,6/10/2024,Fashion,10245,Seller,SELL-589
ORD-00165,CUST-2230,12/24/2024,Books,14070,FBA,SELL-238
ORD-00166,CUST-7371,4/27/2024,Fashion,2712,FBA,SELL-869
ORD-00167,CUST-7152,10/17/2024,Books,10694,FBF,SELL-988
ORD-00168,CUST-3657,9/6/2024,Electronics,7118,FBA,SELL-900
ORD-00169,CUST-1292,2/26/2024,Books,7197,FBA,SELL-570
ORD-00170,CUST-9314,7/29/2024,Books,11986,FBA,SELL-443
ORD-00171,CUST-5873,5/19/2024,Books,9815,FBA,SELL-980
ORD-00172,CUST-2236,7/23/2024,Home,13697,FBF,SELL-171
ORD-00173,CUST-4490,3/22/2024,Home,5918,FBF,SELL-734
ORD-00174,CUST-8029,5/29/2024,Home,13464,FBF,SELL-381
ORD-00175,CUST-6529,4/10/2024,Fashion,8092,FBF,SELL-594
ORD-00176,CUST-1577,12/15/2024,Home,11605,FBA,SELL-527
ORD-00177,CUST-7107,3/21/2024,Electronics,1857,FBF,SELL-468
ORD-00178,CUST-1223,2/14/2024,Fashion,9931,FBA,SELL-913
ORD-00179,CUST-7784,4/11/2024,Fashion,10966,Seller,SELL-185
ORD-00180,CUST-9160,4/21/2024,Books,2760,Seller,SELL-677
ORD-00181,CUST-8370,3/22/2024,Electronics,10804,FBF,SELL-847
ORD-00182,CUST-8635,5/5/2024,Electronics,4498,FBF,SELL-252
ORD-00183,CUST-2068,1/8/2024,Electronics,12357,Seller,SELL-686
ORD-00184,CUST-7013,2/5/2024,Fashion,12925,Seller,SELL-553
ORD-00185,CUST-4556,12/5/2024,Electronics,9494,FBF,SELL-113
ORD-00186,CUST-7386,12/31/2024,Fashion,10240,FBA,SELL-134
ORD-00187,CUST-5299,10/14/2024,Home,7667,FBA,SELL-128
ORD-00188,CUST-9885,2/17/2024,Electronics,803,FBF,SELL-556
ORD-00189,CUST-9081,7/9/2024,Fashion,10710,FBF,SELL-310
ORD-00190,CUST-4726,8/11/2024,Electronics,14630,FBF,SELL-970
ORD-00191,CUST-3933,1/9/2024,Electronics,8404,FBA,SELL-397
ORD-00192,CUST-6899,12/25/2024,Fashion,12105,Seller,SELL-880
ORD-00193,CUST-2101,12/23/2024,Electronics,8744,FBF,SELL-342
ORD-00194,CUST-1210,9/7/2024,Electronics,2331,FBF,SELL-337
ORD-00195,CUST-7673,4/9/2024,Electronics,13721,FBA,SELL-904
ORD-00196,CUST-8501,4/4/2024,Electronics,9611,Seller,SELL-689
ORD-00197,CUST-2865,10/19/2024,Electronics,9580,FBA,SELL-735
ORD-00198,CUST-9286,11/7/2024,Fashion,1679,Seller,SELL-606
ORD-00199,CUST-2541,6/22/2024,Books,10543,Seller,SELL-873
ORD-00200,CUST-3500,3/3/2024,Home,3618,Seller,SELL-484
ORD-00201,CUST-7302,12/3/2024,Home,9768,FBF,SELL-611
ORD-00202,CUST-1982,6/4/2024,Fashion,8754,Seller,SELL-396
ORD-00203,CUST-5157,2/18/2024,Fashion,13781,FBA,SELL-353
ORD-00204,CUST-7371,10/14/2024,Books,11857,FBF,SELL-617
ORD-00205,CUST-4448,1/18/2024,Electronics,14845,Seller,SELL-853
ORD-00206,CUST-3336,4/15/2024,Fashion,7121,FBF,SELL-947
ORD-00207,CUST-3746,10/23/2024,Electronics,12843,FBF,SELL-554
ORD-00208,CUST-1072,6/2/2024,Books,14090,FBA,SELL-790
ORD-00209,CUST-4580,6/3/2024,Electronics,9427,FBF,SELL-126
ORD-00210,CUST-2974,11/2/2024,Fashion,1681,FBF,SELL-129
ORD-00211,CUST-1424,2/20/2024,Home,7744,FBF,SELL-636
ORD-00212,CUST-3170,4/24/2024,Home,5923,FBA,SELL-995
ORD-00213,CUST-5300,6/12/2024,Electronics,13610,FBA,SELL-669
ORD-00214,CUST-4361,9/6/2024,Home,7308,FBF,SELL-935
ORD-00215,CUST-8290,6/7/2024,Electronics,2036,FBA,SELL-528
ORD-00216,CUST-2975,5/25/2024,Books,1076,FBA,SELL-383
ORD-00217,CUST-8310,12/3/2024,Books,12290,FBA,SELL-717
ORD-00218,CUST-7414,11/30/2024,Fashion,2994,Seller,SELL-570
ORD-00219,CUST-6658,6/17/2024,Books,9552,FBA,SELL-710
ORD-00220,CUST-5870,8/4/2024,Fashion,12082,FBA,SELL-694
ORD-00221,CUST-4432,2/22/2024,Fashion,13012,FBF,SELL-210
ORD-00222,CUST-4295,7/4/2024,Fashion,13875,FBF,SELL-163
ORD-00223,CUST-9168,10/5/2024,Electronics,133,Seller,SELL-330
ORD-00224,CUST-5036,5/25/2024,Home,7978,FBF,SELL-698
ORD-00225,CUST-3807,10/21/2024,Home,5312,FBF,SELL-912
ORD-00226,CUST-7297,5/8/2024,Fashion,2001,Seller,SELL-445
ORD-00227,CUST-2298,6/22/2024,Home,6154,Seller,SELL-378
ORD-00228,CUST-9697,11/15/2024,Electronics,394,FBF,SELL-905
ORD-00229,CUST-9994,4/26/2024,Books,12946,FBF,SELL-537
ORD-00230,CUST-3685,1/21/2024,Fashion,10545,Seller,SELL-367
ORD-00231,CUST-7458,1/4/2024,Home,11102,FBA,SELL-147
ORD-00232,CUST-5031,9/13/2024,Home,6227,FBA,SELL-989
ORD-00233,CUST-4289,1/29/2024,Fashion,4609,FBA,SELL-130
ORD-00234,CUST-2449,2/28/2024,Electronics,13820,FBF,SELL-633
ORD-00235,CUST-8625,10/21/2024,Home,12010,FBF,SELL-769
ORD-00236,CUST-7393,2/9/2024,Electronics,2846,FBA,SELL-778
ORD-00237,CUST-3343,2/5/2024,Books,3675,FBF,SELL-793
ORD-00238,CUST-8039,1/18/2024,Books,12973,FBA,SELL-914
ORD-00239,CUST-8770,8/24/2024,Fashion,10477,FBF,SELL-965
ORD-00240,CUST-1849,12/16/2024,Books,11033,FBF,SELL-888
ORD-00241,CUST-4339,6/18/2024,Home,6046,FBF,SELL-517
ORD-00242,CUST-9593,8/10/2024,Home,737,Seller,SELL-373
ORD-00243,CUST-1497,12/3/2024,Books,13114,FBF,SELL-476
ORD-00244,CUST-8055,9/20/2024,Home,14643,FBA,SELL-263
ORD-00245,CUST-5386,8/17/2024,Fashion,8354,Seller,SELL-510
ORD-00246,CUST-7675,12/20/2024,Electronics,5979,Seller,SELL-151
ORD-00247,CUST-8769,10/14/2024,Electronics,9023,FBA,SELL-391
ORD-00248,CUST-2930,7/14/2024,Electronics,1403,Seller,SELL-879
ORD-00249,CUST-9130,4/23/2024,Home,13779,Seller,SELL-832
ORD-00250,CUST-6080,6/24/2024,Books,4275,FBF,SELL-272
ORD-00251,CUST-5917,3/17/2024,Home,5525,FBA,SELL-822
ORD-00252,CUST-3576,6/20/2024,Fashion,13356,FBF,SELL-712
ORD-00253,CUST-1159,7/25/2024,Electronics,8268,Seller,SELL-744
ORD-00254,CUST-9911,8/29/2024,Fashion,8487,Seller,SELL-506
ORD-00255,CUST-6631,3/31/2024,Books,3561,FBA,SELL-748
ORD-00256,CUST-7678,7/21/2024,Home,10415,FBA,SELL-962
ORD-00257,CUST-8279,1/17/2024,Books,6066,FBF,SELL-462
ORD-00258,CUST-8565,6/6/2024,Fashion,3052,FBF,SELL-792
ORD-00259,CUST-9949,5/7/2024,Home,1537,FBF,SELL-677
ORD-00260,CUST-8743,9/29/2024,Fashion,11118,Seller,SELL-967
ORD-00261,CUST-4311,3/29/2024,Books,4797,FBA,SELL-920
ORD-00262,CUST-2638,4/28/2024,Electronics,330,FBA,SELL-208
ORD-00263,CUST-7152,2/8/2024,Electronics,7429,FBA,SELL-692
ORD-00264,CUST-6924,2/29/2024,Electronics,8026,FBF,SELL-110
ORD-00265,CUST-1475,10/5/2024,Fashion,11794,FBA,SELL-678
ORD-00266,CUST-1001,1/4/2024,Electronics,12930,Seller,SELL-557
ORD-00267,CUST-2156,5/10/2024,Home,14432,Seller,SELL-615
ORD-00268,CUST-1801,7/1/2024,Books,252,FBF,SELL-543
ORD-00269,CUST-6275,3/12/2024,Books,1540,FBF,SELL-678
ORD-00270,CUST-7917,10/28/2024,Electronics,5361,Seller,SELL-918
ORD-00271,CUST-5462,11/26/2024,Electronics,9769,FBF,SELL-804
ORD-00272,CUST-5510,12/23/2024,Home,13191,FBF,SELL-514
ORD-00273,CUST-5897,3/17/2024,Home,8563,FBF,SELL-387
ORD-00274,CUST-3050,6/29/2024,Books,14365,Seller,SELL-928
ORD-00275,CUST-2750,6/16/2024,Fashion,4604,FBA,SELL-313
ORD-00276,CUST-1681,11/2/2024,Electronics,11239,FBA,SELL-823
ORD-00277,CUST-7220,7/20/2024,Fashion,5063,FBF,SELL-876
ORD-00278,CUST-7545,10/29/2024,Books,13018,FBA,SELL-868
ORD-00279,CUST-2342,6/4/2024,Fashion,5812,FBA,SELL-383
ORD-00280,CUST-7457,10/5/2024,Fashion,10068,FBF,SELL-338
ORD-00281,CUST-2011,3/17/2024,Fashion,9750,FBF,SELL-933
ORD-00282,CUST-9562,12/16/2024,Electronics,448,Seller,SELL-304
ORD-00283,CUST-5162,1/13/2024,Home,2891,FBF,SELL-988
ORD-00284,CUST-5551,1/20/2024,Fashion,893,FBF,SELL-719
ORD-00285,CUST-7207,4/18/2024,Home,8017,Seller,SELL-267
ORD-00286,CUST-9463,1/20/2024,Electronics,1943,FBF,SELL-884
ORD-00287,CUST-5447,1/12/2024,Home,6182,FBF,SELL-563
ORD-00288,CUST-8931,4/16/2024,Home,1320,FBF,SELL-342
ORD-00289,CUST-6349,6/27/2024,Fashion,13791,FBF,SELL-709
ORD-00290,CUST-1480,11/26/2024,Books,6804,FBA,SELL-957
ORD-00291,CUST-7225,1/20/2024,Fashion,2267,FBA,SELL-470
ORD-00292,CUST-5721,9/12/2024,Fashion,9279,FBF,SELL-895
ORD-00293,CUST-7240,11/11/2024,Fashion,1049,FBF,SELL-882
ORD-00294,CUST-5137,8/14/2024,Electronics,12879,FBA,SELL-471
ORD-00295,CUST-6402,10/9/2024,Books,2099,FBF,SELL-434
ORD-00296,CUST-7899,10/30/2024,Home,12334,Seller,SELL-274
ORD-00297,CUST-3433,1/3/2024,Books,6751,FBF,SELL-306
ORD-00298,CUST-4389,12/9/2024,Books,2140,Seller,SELL-665
ORD-00299,CUST-1493,8/25/2024,Home,3904,FBA,SELL-953
ORD-00300,CUST-3352,11/26/2024,Books,13040,FBA,SELL-728
ORD-00301,CUST-1854,2/28/2024,Fashion,6818,Seller,SELL-624
ORD-00302,CUST-5121,3/14/2024,Home,3952,Seller,SELL-688
ORD-00303,CUST-8306,2/11/2024,Books,10964,Seller,SELL-470
ORD-00304,CUST-1195,2/28/2024,Fashion,10166,FBA,SELL-683
ORD-00305,CUST-3313,4/5/2024,Books,10939,FBA,SELL-520
ORD-00306,CUST-9323,6/27/2024,Home,7018,Seller,SELL-394
ORD-00307,CUST-1318,1/21/2024,Fashion,3108,FBA,SELL-419
ORD-00308,CUST-1807,1/3/2024,Fashion,856,FBA,SELL-330
ORD-00309,CUST-7407,3/15/2024,Books,8272,FBA,SELL-989
ORD-00310,CUST-3657,4/27/2024,Books,6523,FBA,SELL-940
ORD-00311,CUST-8274,10/20/2024,Fashion,14347,Seller,SELL-218
ORD-00312,CUST-8785,12/6/2024,Books,13885,Seller,SELL-131
ORD-00313,CUST-9811,2/24/2024,Fashion,13316,FBA,SELL-551
ORD-00314,CUST-3795,7/18/2024,Fashion,6468,FBA,SELL-281
ORD-00315,CUST-2748,7/15/2024,Home,242,FBA,SELL-506
ORD-00316,CUST-6387,4/25/2024,Books,13009,FBF,SELL-310
ORD-00317,CUST-3844,10/24/2024,Fashion,7154,FBF,SELL-193
ORD-00318,CUST-3260,3/10/2024,Books,2277,FBA,SELL-686
ORD-00319,CUST-9015,11/15/2024,Home,1119,FBF,SELL-158
ORD-00320,CUST-3703,10/14/2024,Electronics,6363,FBA,SELL-193
ORD-00321,CUST-5765,10/29/2024,Fashion,8599,FBF,SELL-315
ORD-00322,CUST-1061,3/6/2024,Electronics,6079,FBF,SELL-348
ORD-00323,CUST-5858,8/7/2024,Home,2501,FBA,SELL-121
ORD-00324,CUST-7613,5/4/2024,Books,6276,FBA,SELL-379
ORD-00325,CUST-6325,5/8/2024,Electronics,13574,Seller,SELL-286
ORD-00326,CUST-9783,10/11/2024,Electronics,12289,FBF,SELL-465
ORD-00327,CUST-2441,11/25/2024,Home,1311,FBF,SELL-976
ORD-00328,CUST-6810,7/24/2024,Books,9051,FBF,SELL-165
ORD-00329,CUST-2290,1/17/2024,Fashion,11656,FBF,SELL-653
ORD-00330,CUST-7703,2/16/2024,Books,6577,FBA,SELL-401
ORD-00331,CUST-9299,5/23/2024,Home,6294,Seller,SELL-916
ORD-00332,CUST-1032,8/10/2024,Home,150,Seller,SELL-520
ORD-00333,CUST-4410,6/6/2024,Home,13363,FBF,SELL-686
ORD-00334,CUST-2070,3/23/2024,Books,496,FBF,SELL-955
ORD-00335,CUST-1750,11/7/2024,Books,3312,Seller,SELL-637
ORD-00336,CUST-6132,7/31/2024,Books,1294,FBA,SELL-297
ORD-00337,CUST-2891,9/4/2024,Fashion,8832,Seller,SELL-888
ORD-00338,CUST-5020,12/9/2024,Books,2232,FBF,SELL-464
ORD-00339,CUST-6391,4/3/2024,Books,12724,FBF,SELL-550
ORD-00340,CUST-4620,12/16/2024,Fashion,12952,FBA,SELL-953
ORD-00341,CUST-7292,11/7/2024,Books,4099,Seller,SELL-571
ORD-00342,CUST-2870,4/12/2024,Books,12090,FBF,SELL-991
ORD-00343,CUST-9259,6/30/2024,Fashion,14091,FBA,SELL-342
ORD-00344,CUST-1421,9/13/2024,Home,9146,Seller,SELL-482
ORD-00345,CUST-3637,1/24/2024,Electronics,14810,Seller,SELL-934
ORD-00346,CUST-8284,3/18/2024,Books,3830,FBF,SELL-853
ORD-00347,CUST-5608,10/16/2024,Fashion,2181,FBF,SELL-834
ORD-00348,CUST-9756,11/28/2024,Books,2892,FBF,SELL-230
ORD-00349,CUST-3057,6/15/2024,Books,10996,Seller,SELL-595
ORD-00350,CUST-3886,5/15/2024,Books,12716,FBF,SELL-843
ORD-00351,CUST-5611,4/30/2024,Books,10391,FBA,SELL-159
ORD-00352,CUST-1874,2/4/2024,Fashion,9133,FBF,SELL-780
ORD-00353,CUST-6012,12/23/2024,Electronics,9081,FBF,SELL-468
ORD-00354,CUST-5702,3/20/2024,Fashion,3727,FBF,SELL-911
ORD-00355,CUST-6838,12/2/2024,Home,6634,Seller,SELL-880
ORD-00356,CUST-6949,3/29/2024,Books,7612,FBF,SELL-479
ORD-00357,CUST-4284,7/13/2024,Books,7133,Seller,SELL-867
ORD-00358,CUST-8063,6/2/2024,Electronics,12097,Seller,SELL-728
ORD-00359,CUST-5984,1/10/2024,Fashion,7417,FBA,SELL-458
ORD-00360,CUST-1892,5/25/2024,Electronics,9882,FBA,SELL-273
ORD-00361,CUST-6667,5/20/2024,Home,8617,Seller,SELL-196
ORD-00362,CUST-3000,7/7/2024,Electronics,6639,Seller,SELL-606
ORD-00363,CUST-6768,2/15/2024,Home,8558,FBF,SELL-534
ORD-00364,CUST-8597,8/2/2024,Home,13846,FBA,SELL-391
ORD-00365,CUST-6369,5/21/2024,Electronics,2710,Seller,SELL-997
ORD-00366,CUST-9066,11/30/2024,Fashion,9053,FBF,SELL-963
ORD-00367,CUST-9603,9/8/2024,Books,5086,FBA,SELL-727
ORD-00368,CUST-5853,2/27/2024,Fashion,11132,Seller,SELL-871
ORD-00369,CUST-1566,2/2/2024,Home,1713,FBA,SELL-248
ORD-00370,CUST-4972,5/2/2024,Electronics,13317,FBA,SELL-146
ORD-00371,CUST-1744,2/23/2024,Books,4546,FBA,SELL-359
ORD-00372,CUST-2846,1/10/2024,Fashion,12760,FBF,SELL-724
ORD-00373,CUST-5565,2/26/2024,Books,12308,FBF,SELL-449
ORD-00374,CUST-4922,4/5/2024,Electronics,14078,FBA,SELL-448
ORD-00375,CUST-5723,11/30/2024,Books,8003,Seller,SELL-250
ORD-00376,CUST-9512,11/28/2024,Electronics,8087,FBF,SELL-804
ORD-00377,CUST-4878,2/13/2024,Fashion,10737,FBA,SELL-659
ORD-00378,CUST-6091,1/24/2024,Electronics,9630,FBA,SELL-572
ORD-00379,CUST-8032,9/11/2024,Home,8437,FBF,SELL-989
ORD-00380,CUST-6280,2/20/2024,Fashion,4325,FBA,SELL-727
ORD-00381,CUST-2387,12/13/2024,Electronics,13234,FBA,SELL-957
ORD-00382,CUST-5095,3/25/2024,Home,5317,FBA,SELL-684
ORD-00383,CUST-6932,3/26/2024,Electronics,915,FBF,SELL-685
ORD-00384,CUST-7762,8/22/2024,Electronics,6729,FBF,SELL-957
ORD-00385,CUST-9004,3/1/2024,Fashion,11985,Seller,SELL-834
ORD-00386,CUST-9561,11/25/2024,Books,3111,FBA,SELL-599
ORD-00387,CUST-9827,8/30/2024,Books,6753,Seller,SELL-485
ORD-00388,CUST-1901,11/1/2024,Home,5479,FBA,SELL-621
ORD-00389,CUST-4928,9/20/2024,Fashion,14494,Seller,SELL-503
ORD-00390,CUST-3450,1/16/2024,Home,10449,FBA,SELL-809
ORD-00391,CUST-6570,4/2/2024,Books,3522,FBA,SELL-295
ORD-00392,CUST-5313,1/5/2024,Fashion,2953,Seller,SELL-690
ORD-00393,CUST-7519,11/18/2024,Home,14181,FBA,SELL-720
ORD-00394,CUST-9728,11/25/2024,Home,2406,FBF,SELL-101
ORD-00395,CUST-4489,12/28/2024,Home,1004,Seller,SELL-279
ORD-00396,CUST-8666,1/15/2024,Home,8855,Seller,SELL-570
ORD-00397,CUST-6537,8/17/2024,Fashion,2746,FBF,SELL-756
ORD-00398,CUST-8113,6/2/2024,Fashion,5918,Seller,SELL-784
ORD-00399,CUST-4528,8/1/2024,Home,7497,FBA,SELL-449
ORD-00400,CUST-4346,5/30/2024,Fashion,2137,Seller,SELL-892
ORD-00401,CUST-1088,4/4/2024,Home,6544,Seller,SELL-890
ORD-00402,CUST-1330,12/20/2024,Electronics,9815,Seller,SELL-125
ORD-00403,CUST-1334,3/7/2024,Books,5689,FBF,SELL-692
ORD-00404,CUST-2168,2/24/2024,Fashion,8075,Seller,SELL-913
ORD-00405,CUST-3208,10/21/2024,Home,12085,Seller,SELL-565
ORD-00406,CUST-4975,9/30/2024,Home,7002,Seller,SELL-938
ORD-00407,CUST-3241,5/18/2024,Electronics,699,Seller,SELL-990
ORD-00408,CUST-5335,4/4/2024,Home,10612,FBA,SELL-400
ORD-00409,CUST-2625,6/27/2024,Fashion,3142,FBA,SELL-504
ORD-00410,CUST-2657,9/11/2024,Books,14203,Seller,SELL-360
ORD-00411,CUST-6481,8/14/2024,Books,4393,FBA,SELL-747
ORD-00412,CUST-2344,11/29/2024,Fashion,11675,FBF,SELL-662
ORD-00413,CUST-2161,3/30/2024,Books,5896,FBF,SELL-678
ORD-00414,CUST-5253,2/2/2024,Home,2180,FBF,SELL-525
ORD-00415,CUST-9715,11/27/2024,Electronics,4709,FBF,SELL-600
ORD-00416,CUST-2104,4/18/2024,Books,11675,Seller,SELL-696
ORD-00417,CUST-3251,3/1/2024,Electronics,5679,FBA,SELL-219
ORD-00418,CUST-8272,1/8/2024,Home,6278,Seller,SELL-794
ORD-00419,CUST-6129,3/22/2024,Books,1057,Seller,SELL-542
ORD-00420,CUST-6428,4/2/2024,Electronics,3018,FBA,SELL-388
ORD-00421,CUST-1155,5/13/2024,Fashion,6642,FBA,SELL-429
ORD-00422,CUST-3881,7/25/2024,Fashion,7548,Seller,SELL-441
ORD-00423,CUST-9183,1/24/2024,Electronics,3436,FBA,SELL-576
ORD-00424,CUST-4756,12/23/2024,Electronics,7378,Seller,SELL-887
ORD-00425,CUST-2728,7/20/2024,Fashion,13841,Seller,SELL-872
ORD-00426,CUST-3903,3/16/2024,Electronics,12795,FBA,SELL-686
ORD-00427,CUST-2601,6/11/2024,Home,14404,Seller,SELL-113
ORD-00428,CUST-8501,12/3/2024,Electronics,1418,FBA,SELL-733
ORD-00429,CUST-8493,7/18/2024,Electronics,12197,Seller,SELL-748
ORD-00430,CUST-3811,9/5/2024,Fashion,3852,FBF,SELL-798
ORD-00431,CUST-4219,2/24/2024,Electronics,9944,FBA,SELL-807
ORD-00432,CUST-6823,12/30/2024,Fashion,2700,FBA,SELL-580
ORD-00433,CUST-5247,3/9/2024,Home,12127,Seller,SELL-747
ORD-00434,CUST-3222,7/21/2024,Books,3825,FBF,SELL-308
ORD-00435,CUST-1700,4/21/2024,Electronics,12840,Seller,SELL-138
ORD-00436,CUST-1044,4/15/2024,Electronics,1257,FBF,SELL-790
ORD-00437,CUST-5779,10/20/2024,Electronics,9878,FBA,SELL-388
ORD-00438,CUST-6653,7/28/2024,Home,8685,FBA,SELL-257
ORD-00439,CUST-2553,9/3/2024,Fashion,8297,Seller,SELL-293
ORD-00440,CUST-9810,12/20/2024,Home,11226,FBA,SELL-335
ORD-00441,CUST-3791,12/6/2024,Electronics,13585,Seller,SELL-919
ORD-00442,CUST-8690,10/11/2024,Books,13925,Seller,SELL-544
ORD-00443,CUST-3667,4/27/2024,Home,12620,FBA,SELL-754
ORD-00444,CUST-1741,7/5/2024,Books,7545,FBF,SELL-912
ORD-00445,CUST-5411,6/1/2024,Fashion,9156,FBF,SELL-720
ORD-00446,CUST-9347,11/19/2024,Home,5086,Seller,SELL-397
ORD-00447,CUST-9684,2/8/2024,Electronics,14090,FBF,SELL-496
ORD-00448,CUST-2864,2/19/2024,Books,4232,FBA,SELL-799
ORD-00449,CUST-4565,2/15/2024,Books,9597,FBF,SELL-996
ORD-00450,CUST-1611,5/10/2024,Fashion,10837,FBF,SELL-832
ORD-00451,CUST-8353,7/19/2024,Electronics,10448,FBF,SELL-810
ORD-00452,CUST-2461,4/1/2024,Home,8656,FBF,SELL-392
ORD-00453,CUST-8674,7/18/2024,Fashion,3892,Seller,SELL-783
ORD-00454,CUST-1861,6/13/2024,Home,8843,FBA,SELL-539
ORD-00455,CUST-7523,9/25/2024,Fashion,11091,Seller,SELL-375
ORD-00456,CUST-6715,5/25/2024,Electronics,5222,Seller,SELL-192
ORD-00457,CUST-8863,10/25/2024,Electronics,12619,FBA,SELL-745
ORD-00458,CUST-5837,1/9/2024,Electronics,9407,Seller,SELL-124
ORD-00459,CUST-5359,7/10/2024,Fashion,10165,FBF,SELL-685
ORD-00460,CUST-3573,10/9/2024,Books,885,FBF,SELL-582
ORD-00461,CUST-6768,12/22/2024,Fashion,11725,FBF,SELL-478
ORD-00462,CUST-3929,1/26/2024,Home,11201,Seller,SELL-670
ORD-00463,CUST-2940,7/28/2024,Books,3280,Seller,SELL-923
ORD-00464,CUST-8338,4/21/2024,Fashion,652,Seller,SELL-750
ORD-00465,CUST-3041,10/19/2024,Home,6556,FBA,SELL-405
ORD-00466,CUST-7829,3/23/2024,Home,1587,FBF,SELL-382
ORD-00467,CUST-8116,8/23/2024,Books,14432,Seller,SELL-850
ORD-00468,CUST-1081,9/2/2024,Fashion,7453,FBF,SELL-117
ORD-00469,CUST-6770,4/15/2024,Books,4434,Seller,SELL-940
ORD-00470,CUST-2730,1/12/2024,Fashion,13491,Seller,SELL-933
ORD-00471,CUST-4485,1/6/2024,Books,1293,FBF,SELL-264
ORD-00472,CUST-3655,9/27/2024,Electronics,3071,Seller,SELL-781
ORD-00473,CUST-8526,10/11/2024,Electronics,9239,FBF,SELL-200
ORD-00474,CUST-1874,9/28/2024,Home,1258,FBA,SELL-858
ORD-00475,CUST-8940,9/24/2024,Fashion,13543,FBF,SELL-842
ORD-00476,CUST-7422,4/8/2024,Books,2701,FBF,SELL-650
ORD-00477,CUST-7386,2/24/2024,Electronics,12316,FBA,SELL-950
ORD-00478,CUST-6774,8/1/2024,Fashion,11443,FBA,SELL-867
ORD-00479,CUST-6791,12/19/2024,Fashion,13390,Seller,SELL-945
ORD-00480,CUST-7500,1/23/2024,Electronics,10746,Seller,SELL-168
ORD-00481,CUST-4661,1/16/2024,Electronics,12364,Seller,SELL-255
ORD-00482,CUST-4151,7/28/2024,Fashion,6169,Seller,SELL-382
ORD-00483,CUST-3500,3/25/2024,Fashion,12596,FBA,SELL-788
ORD-00484,CUST-4091,8/12/2024,Electronics,682,Seller,SELL-185
ORD-00485,CUST-3987,9/10/2024,Electronics,11455,Seller,SELL-177
ORD-00486,CUST-4821,2/7/2024,Electronics,13235,FBA,SELL-779
ORD-00487,CUST-4141,9/1/2024,Electronics,3726,Seller,SELL-738
ORD-00488,CUST-2996,7/14/2024,Fashion,1590,Seller,SELL-304
ORD-00489,CUST-4966,9/24/2024,Home,9712,FBA,SELL-111
ORD-00490,CUST-7020,6/25/2024,Electronics,9528,FBA,SELL-336
ORD-00491,CUST-8915,8/22/2024,Fashion,5799,FBF,SELL-764
ORD-00492,CUST-9441,11/21/2024,Fashion,1646,FBA,SELL-116
ORD-00493,CUST-9823,5/29/2024,Home,13354,Seller,SELL-347
ORD-00494,CUST-5082,4/13/2024,Electronics,8678,FBF,SELL-790
ORD-00495,CUST-1263,2/6/2024,Books,11340,Seller,SELL-184
ORD-00496,CUST-2640,3/7/2024,Home,13681,FBF,SELL-966
ORD-00497,CUST-5373,12/26/2024,Books,9607,FBA,SELL-436
ORD-00498,CUST-5316,3/11/2024,Fashion,12938,FBF,SELL-638
ORD-00499,CUST-1070,6/18/2024,Fashion,2546,Seller,SELL-286
ORD-00500,CUST-9254,12/17/2024,Fashion,12233,Seller,SELL-853
ORD-00501,CUST-6617,1/31/2024,Home,13177,FBF,SELL-791
ORD-00502,CUST-5449,1/26/2024,Fashion,1654,Seller,SELL-775
ORD-00503,CUST-7076,7/13/2024,Home,8687,Seller,SELL-777
ORD-00504,CUST-4314,1/8/2024,Home,898,FBF,SELL-548
ORD-00505,CUST-4065,6/15/2024,Electronics,346,Seller,SELL-221
ORD-00506,CUST-5897,4/30/2024,Fashion,7134,Seller,SELL-314
ORD-00507,CUST-1717,8/21/2024,Home,11283,FBF,SELL-603
ORD-00508,CUST-4326,9/4/2024,Fashion,10416,Seller,SELL-164
ORD-00509,CUST-8535,2/19/2024,Electronics,2805,FBF,SELL-974
ORD-00510,CUST-9747,7/8/2024,Home,7941,FBF,SELL-668
ORD-00511,CUST-8418,12/5/2024,Fashion,4995,FBF,SELL-341
ORD-00512,CUST-5616,9/5/2024,Electronics,13695,Seller,SELL-413
ORD-00513,CUST-4065,4/3/2024,Home,9034,FBF,SELL-936
ORD-00514,CUST-4526,10/13/2024,Books,2231,FBA,SELL-425
ORD-00515,CUST-8531,8/9/2024,Fashion,5299,Seller,SELL-219
ORD-00516,CUST-4978,4/4/2024,Electronics,2847,FBF,SELL-257
ORD-00517,CUST-4742,9/28/2024,Home,14148,FBF,SELL-377
ORD-00518,CUST-1006,11/4/2024,Electronics,1307,FBF,SELL-518
ORD-00519,CUST-6879,9/12/2024,Fashion,11459,Seller,SELL-686
ORD-00520,CUST-4110,1/26/2024,Fashion,14610,Seller,SELL-809
ORD-00521,CUST-2616,8/12/2024,Electronics,9981,Seller,SELL-668
ORD-00522,CUST-3847,7/28/2024,Books,272,Seller,SELL-177
ORD-00523,CUST-9896,8/26/2024,Fashion,2850,FBA,SELL-102
ORD-00524,CUST-7029,10/7/2024,Home,12610,FBF,SELL-767
ORD-00525,CUST-1201,4/1/2024,Electronics,2525,FBA,SELL-619
ORD-00526,CUST-2475,1/9/2024,Home,1827,FBA,SELL-863
ORD-00527,CUST-8376,1/24/2024,Electronics,4036,FBA,SELL-136
ORD-00528,CUST-6215,10/19/2024,Books,13093,FBF,SELL-159
ORD-00529,CUST-7416,8/4/2024,Fashion,3837,Seller,SELL-417
ORD-00530,CUST-1660,11/5/2024,Home,6549,FBF,SELL-263
ORD-00531,CUST-2654,3/23/2024,Home,14198,FBA,SELL-830
ORD-00532,CUST-5895,1/6/2024,Electronics,12022,FBF,SELL-588
ORD-00533,CUST-8764,1/22/2024,Home,4823,Seller,SELL-508
ORD-00534,CUST-8374,10/21/2024,Electronics,6592,Seller,SELL-807
ORD-00535,CUST-6719,6/19/2024,Home,7760,FBF,SELL-930
ORD-00536,CUST-2191,5/5/2024,Electronics,3932,Seller,SELL-197
ORD-00537,CUST-1869,8/12/2024,Books,9501,Seller,SELL-954
ORD-00538,CUST-8476,8/26/2024,Home,10496,FBF,SELL-938
ORD-00539,CUST-3805,7/12/2024,Home,4565,FBA,SELL-109
ORD-00540,CUST-1387,2/12/2024,Books,8945,FBA,SELL-200
ORD-00541,CUST-8840,1/31/2024,Fashion,5917,FBA,SELL-134
ORD-00542,CUST-7748,7/18/2024,Fashion,8924,FBA,SELL-236
ORD-00543,CUST-8263,12/8/2024,Fashion,11203,FBF,SELL-915
ORD-00544,CUST-5422,5/22/2024,Books,7897,FBA,SELL-969
ORD-00545,CUST-1490,7/3/2024,Fashion,7713,FBF,SELL-176
ORD-00546,CUST-7146,7/12/2024,Books,1141,FBA,SELL-817
ORD-00547,CUST-8268,6/23/2024,Fashion,9075,Seller,SELL-586
ORD-00548,CUST-4685,10/28/2024,Fashion,1992,FBA,SELL-105
ORD-00549,CUST-7301,6/2/2024,Books,7130,Seller,SELL-974
ORD-00550,CUST-8190,1/22/2024,Fashion,12675,Seller,SELL-920
ORD-00551,CUST-8793,3/23/2024,Fashion,1667,FBA,SELL-246
ORD-00552,CUST-4765,4/25/2024,Electronics,14931,Seller,SELL-723
ORD-00553,CUST-6401,7/16/2024,Home,3778,FBF,SELL-177
ORD-00554,CUST-5866,8/17/2024,Electronics,12066,Seller,SELL-614
ORD-00555,CUST-2865,1/12/2024,Electronics,8669,Seller,SELL-595
ORD-00556,CUST-3530,8/16/2024,Books,12656,FBF,SELL-842
ORD-00557,CUST-6857,6/4/2024,Books,10350,FBF,SELL-940
ORD-00558,CUST-1463,8/5/2024,Fashion,5277,FBF,SELL-336
ORD-00559,CUST-7052,9/5/2024,Home,14569,Seller,SELL-829
ORD-00560,CUST-6993,3/30/2024,Home,14589,Seller,SELL-768
ORD-00561,CUST-1934,3/10/2024,Electronics,14020,FBA,SELL-928
ORD-00562,CUST-8463,8/6/2024,Electronics,10525,FBA,SELL-351
ORD-00563,CUST-2311,2/6/2024,Books,584,Seller,SELL-919
ORD-00564,CUST-9784,10/31/2024,Books,8119,FBA,SELL-169
ORD-00565,CUST-3974,9/26/2024,Electronics,4261,FBF,SELL-772
ORD-00566,CUST-7554,11/15/2024,Books,10215,Seller,SELL-271
ORD-00567,CUST-1804,7/2/2024,Books,4579,Seller,SELL-718
ORD-00568,CUST-2287,1/28/2024,Electronics,9662,FBF,SELL-299
ORD-00569,CUST-9415,11/13/2024,Home,2487,Seller,SELL-936
ORD-00570,CUST-8494,1/30/2024,Books,13082,Seller,SELL-590
ORD-00571,CUST-1455,9/27/2024,Books,13572,FBA,SELL-253
ORD-00572,CUST-4434,3/22/2024,Books,8134,FBF,SELL-438
ORD-00573,CUST-6954,8/18/2024,Fashion,1869,FBF,SELL-844
ORD-00574,CUST-5108,10/28/2024,Electronics,10631,Seller,SELL-335
ORD-00575,CUST-9134,6/27/2024,Home,9178,FBF,SELL-650
ORD-00576,CUST-8567,9/15/2024,Fashion,4398,FBA,SELL-946
ORD-00577,CUST-5051,10/1/2024,Home,12743,Seller,SELL-973
ORD-00578,CUST-8609,10/19/2024,Electronics,7822,FBA,SELL-966
ORD-00579,CUST-3856,3/21/2024,Books,10259,Seller,SELL-648
ORD-00580,CUST-9350,9/30/2024,Electronics,6195,FBF,SELL-681
ORD-00581,CUST-2979,10/30/2024,Books,2182,Seller,SELL-771
ORD-00582,CUST-5485,10/11/2024,Fashion,14234,FBF,SELL-774
ORD-00583,CUST-1663,11/23/2024,Books,4938,Seller,SELL-611
ORD-00584,CUST-2705,7/2/2024,Books,1956,FBA,SELL-493
ORD-00585,CUST-1503,8/20/2024,Home,3221,Seller,SELL-544
ORD-00586,CUST-2490,11/26/2024,Home,11485,Seller,SELL-947
ORD-00587,CUST-7421,8/3/2024,Home,3220,FBA,SELL-731
ORD-00588,CUST-2316,6/12/2024,Fashion,9953,FBF,SELL-119
ORD-00589,CUST-5625,8/25/2024,Fashion,570,FBF,SELL-334
ORD-00590,CUST-2683,12/30/2024,Home,4707,FBA,SELL-358
ORD-00591,CUST-5568,11/23/2024,Fashion,10930,FBA,SELL-784
ORD-00592,CUST-8327,7/7/2024,Electronics,9831,Seller,SELL-147
ORD-00593,CUST-4497,1/18/2024,Books,7207,FBA,SELL-517
ORD-00594,CUST-7473,12/4/2024,Electronics,11180,FBA,SELL-419
ORD-00595,CUST-4479,1/8/2024,Books,14123,Seller,SELL-457
ORD-00596,CUST-7609,12/11/2024,Books,7949,Seller,SELL-807
ORD-00597,CUST-7957,6/21/2024,Books,1303,FBA,SELL-325
ORD-00598,CUST-8658,12/24/2024,Fashion,6959,FBF,SELL-232
ORD-00599,CUST-3984,6/1/2024,Electronics,1471,FBA,SELL-981
ORD-00600,CUST-2075,1/29/2024,Home,14475,FBA,SELL-217
ORD-00601,CUST-6256,2/4/2024,Home,7181,Seller,SELL-172
ORD-00602,CUST-4726,10/26/2024,Fashion,2066,FBA,SELL-204
ORD-00603,CUST-9754,12/16/2024,Electronics,6617,FBA,SELL-960
ORD-00604,CUST-8857,3/31/2024,Books,7252,Seller,SELL-666
ORD-00605,CUST-2128,3/20/2024,Electronics,12417,FBF,SELL-682
ORD-00606,CUST-8442,9/13/2024,Books,11277,FBA,SELL-917
ORD-00607,CUST-7963,12/2/2024,Fashion,1062,Seller,SELL-186
ORD-00608,CUST-4133,5/8/2024,Books,3826,FBF,SELL-442
ORD-00609,CUST-8017,1/1/2024,Home,13088,FBF,SELL-236
ORD-00610,CUST-6661,4/16/2024,Fashion,332,FBA,SELL-880
ORD-00611,CUST-9011,10/20/2024,Fashion,455,FBF,SELL-559
ORD-00612,CUST-1710,9/17/2024,Fashion,13638,FBA,SELL-858
ORD-00613,CUST-5310,7/24/2024,Home,4891,Seller,SELL-488
ORD-00614,CUST-3792,5/23/2024,Electronics,13753,FBF,SELL-276
ORD-00615,CUST-3202,7/9/2024,Home,1727,Seller,SELL-115
ORD-00616,CUST-9052,10/31/2024,Books,5497,FBA,SELL-187
ORD-00617,CUST-1768,10/2/2024,Fashion,2782,FBA,SELL-153
ORD-00618,CUST-5369,4/14/2024,Fashion,1859,FBA,SELL-234
ORD-00619,CUST-6049,5/30/2024,Fashion,6679,FBF,SELL-143
ORD-00620,CUST-1368,3/13/2024,Home,8160,FBF,SELL-201
ORD-00621,CUST-7127,9/8/2024,Fashion,1600,FBF,SELL-838
ORD-00622,CUST-4213,4/24/2024,Books,2084,Seller,SELL-639
ORD-00623,CUST-4579,7/27/2024,Books,14939,FBF,SELL-392
ORD-00624,CUST-8598,1/2/2024,Books,10465,Seller,SELL-214
ORD-00625,CUST-2405,5/18/2024,Books,8715,FBA,SELL-905
ORD-00626,CUST-9774,6/28/2024,Books,14223,Seller,SELL-394
ORD-00627,CUST-9623,1/15/2024,Books,8515,FBA,SELL-279
ORD-00628,CUST-7953,8/5/2024,Home,12022,Seller,SELL-582
ORD-00629,CUST-5674,10/16/2024,Home,1965,Seller,SELL-564
ORD-00630,CUST-4947,4/29/2024,Electronics,9471,FBF,SELL-950
ORD-00631,CUST-1702,10/14/2024,Home,817,FBF,SELL-676
ORD-00632,CUST-8487,5/26/2024,Books,5576,FBA,SELL-983
ORD-00633,CUST-6233,3/2/2024,Electronics,7636,FBF,SELL-590
ORD-00634,CUST-3710,6/19/2024,Books,10306,Seller,SELL-341
ORD-00635,CUST-4073,12/19/2024,Books,9122,FBA,SELL-256
ORD-00636,CUST-3439,8/23/2024,Home,6789,FBF,SELL-213
ORD-00637,CUST-8851,8/28/2024,Electronics,5775,FBF,SELL-118
ORD-00638,CUST-1110,9/30/2024,Fashion,9983,FBA,SELL-498
ORD-00639,CUST-2302,8/29/2024,Books,13932,FBF,SELL-939
ORD-00640,CUST-2970,11/5/2024,Electronics,1469,Seller,SELL-794
ORD-00641,CUST-8882,9/27/2024,Home,13446,FBF,SELL-421
ORD-00642,CUST-3872,5/16/2024,Fashion,7097,Seller,SELL-903
ORD-00643,CUST-6875,6/5/2024,Electronics,13748,FBA,SELL-767
ORD-00644,CUST-3231,6/12/2024,Electronics,10982,FBF,SELL-624
ORD-00645,CUST-2542,10/6/2024,Home,4524,FBF,SELL-891
ORD-00646,CUST-9163,2/10/2024,Books,13207,Seller,SELL-655
ORD-00647,CUST-3371,6/11/2024,Fashion,10321,FBF,SELL-837
ORD-00648,CUST-4993,3/30/2024,Fashion,13442,FBA,SELL-133
ORD-00649,CUST-8710,12/11/2024,Electronics,2832,FBA,SELL-371
ORD-00650,CUST-8392,4/18/2024,Home,1090,FBA,SELL-825
ORD-00651,CUST-6830,9/25/2024,Home,10849,Seller,SELL-972
ORD-00652,CUST-9076,3/7/2024,Books,13237,FBF,SELL-715
ORD-00653,CUST-8555,9/5/2024,Books,4687,FBF,SELL-646
ORD-00654,CUST-5399,6/2/2024,Fashion,5228,FBA,SELL-838
ORD-00655,CUST-7256,9/2/2024,Electronics,4411,Seller,SELL-509
ORD-00656,CUST-1295,7/15/2024,Electronics,13163,Seller,SELL-423
ORD-00657,CUST-3709,7/11/2024,Home,12695,FBF,SELL-424
ORD-00658,CUST-6781,7/30/2024,Books,9344,Seller,SELL-410
ORD-00659,CUST-9818,8/13/2024,Electronics,13081,FBF,SELL-717
ORD-00660,CUST-5018,3/3/2024,Books,3048,FBF,SELL-321
ORD-00661,CUST-5507,11/14/2024,Fashion,13257,FBA,SELL-794
ORD-00662,CUST-4225,11/27/2024,Electronics,6508,FBF,SELL-578
ORD-00663,CUST-6667,9/6/2024,Electronics,5083,FBA,SELL-592
ORD-00664,CUST-9700,11/1/2024,Fashion,1770,FBF,SELL-709
ORD-00665,CUST-1091,6/30/2024,Books,7058,FBA,SELL-148
ORD-00666,CUST-7389,1/18/2024,Fashion,9493,FBA,SELL-207
ORD-00667,CUST-3799,10/14/2024,Fashion,12204,FBF,SELL-557
ORD-00668,CUST-6127,3/22/2024,Electronics,14380,FBA,SELL-793
ORD-00669,CUST-5509,6/16/2024,Fashion,14854,Seller,SELL-611
ORD-00670,CUST-6800,5/20/2024,Books,14462,FBA,SELL-465
ORD-00671,CUST-9233,11/17/2024,Home,6504,FBF,SELL-399
ORD-00672,CUST-4708,10/16/2024,Home,6698,FBA,SELL-656
ORD-00673,CUST-9547,9/30/2024,Fashion,9657,FBA,SELL-565
ORD-00674,CUST-4051,11/19/2024,Electronics,2131,Seller,SELL-242
ORD-00675,CUST-4282,12/10/2024,Books,13462,FBF,SELL-954
ORD-00676,CUST-3938,5/12/2024,Books,5533,FBA,SELL-209
ORD-00677,CUST-2438,3/26/2024,Home,5023,FBF,SELL-299
ORD-00678,CUST-7788,10/17/2024,Electronics,6127,Seller,SELL-147
ORD-00679,CUST-2278,7/13/2024,Electronics,7014,FBA,SELL-250
ORD-00680,CUST-1800,9/27/2024,Fashion,10716,FBA,SELL-630
ORD-00681,CUST-4066,7/3/2024,Fashion,184,FBF,SELL-464
ORD-00682,CUST-4389,2/8/2024,Home,6130,FBA,SELL-642
ORD-00683,CUST-5821,10/14/2024,Electronics,9840,FBA,SELL-927
ORD-00684,CUST-4529,11/8/2024,Home,815,Seller,SELL-400
ORD-00685,CUST-6962,4/5/2024,Fashion,11409,FBF,SELL-149
ORD-00686,CUST-7087,11/10/2024,Home,9460,Seller,SELL-629
ORD-00687,CUST-7585,7/3/2024,Electronics,736,FBF,SELL-759
ORD-00688,CUST-5059,11/21/2024,Electronics,14929,FBF,SELL-378
ORD-00689,CUST-4516,8/18/2024,Home,11200,Seller,SELL-131
ORD-00690,CUST-5731,1/24/2024,Home,9336,FBA,SELL-125
ORD-00691,CUST-6111,2/24/2024,Books,7742,Seller,SELL-338
ORD-00692,CUST-8240,3/15/2024,Fashion,14540,FBF,SELL-519
ORD-00693,CUST-7794,10/1/2024,Electronics,4840,FBF,SELL-557
ORD-00694,CUST-4015,10/21/2024,Home,8266,FBF,SELL-558
ORD-00695,CUST-2181,1/1/2024,Electronics,5919,Seller,SELL-289
ORD-00696,CUST-1705,9/20/2024,Books,14627,FBA,SELL-622
ORD-00697,CUST-7529,9/1/2024,Fashion,12144,FBF,SELL-886
ORD-00698,CUST-5532,5/15/2024,Home,8233,Seller,SELL-178
ORD-00699,CUST-3921,9/16/2024,Fashion,5224,FBF,SELL-749
ORD-00700,CUST-6701,7/31/2024,Fashion,13765,Seller,SELL-368
ORD-00701,CUST-7881,12/17/2024,Home,9199,FBA,SELL-975
ORD-00702,CUST-7852,9/18/2024,Home,4336,Seller,SELL-452
ORD-00703,CUST-7404,6/21/2024,Books,8996,Seller,SELL-851
ORD-00704,CUST-4917,11/24/2024,Home,7546,FBF,SELL-609
ORD-00705,CUST-1692,1/29/2024,Electronics,2619,FBA,SELL-778
ORD-00706,CUST-8761,2/20/2024,Books,2866,FBF,SELL-795
ORD-00707,CUST-4197,1/16/2024,Home,14525,Seller,SELL-998
ORD-00708,CUST-1628,4/15/2024,Home,9122,Seller,SELL-587
ORD-00709,CUST-5831,2/22/2024,Books,10232,FBA,SELL-131
ORD-00710,CUST-1820,4/29/2024,Home,7588,FBA,SELL-194
ORD-00711,CUST-1829,2/12/2024,Books,763,FBA,SELL-547
ORD-00712,CUST-9773,5/9/2024,Electronics,2013,FBF,SELL-109
ORD-00713,CUST-5469,8/22/2024,Books,6699,Seller,SELL-284
ORD-00714,CUST-7022,10/15/2024,Books,11606,Seller,SELL-482
ORD-00715,CUST-5340,6/16/2024,Books,14545,FBA,SELL-126
ORD-00716,CUST-6131,8/18/2024,Fashion,5712,FBA,SELL-625
ORD-00717,CUST-7906,4/18/2024,Books,14043,FBF,SELL-588
ORD-00718,CUST-6449,3/24/2024,Fashion,4417,FBA,SELL-251
ORD-00719,CUST-1905,8/29/2024,Fashion,2060,FBF,SELL-870
ORD-00720,CUST-6879,1/4/2024,Fashion,4384,FBA,SELL-615
ORD-00721,CUST-6684,12/28/2024,Books,1258,Seller,SELL-451
ORD-00722,CUST-3516,10/26/2024,Electronics,2838,FBF,SELL-322
ORD-00723,CUST-1079,2/15/2024,Home,10039,FBF,SELL-725
ORD-00724,CUST-1664,4/9/2024,Home,8980,FBA,SELL-650
ORD-00725,CUST-8640,5/1/2024,Books,6557,FBF,SELL-812
ORD-00726,CUST-1380,6/28/2024,Books,14779,FBA,SELL-442
ORD-00727,CUST-5573,3/27/2024,Fashion,11315,FBA,SELL-243
ORD-00728,CUST-1209,11/12/2024,Fashion,10942,FBA,SELL-698
ORD-00729,CUST-8480,1/16/2024,Fashion,13446,FBF,SELL-688
ORD-00730,CUST-8085,5/27/2024,Electronics,14301,Seller,SELL-398
ORD-00731,CUST-3405,8/26/2024,Fashion,1782,FBF,SELL-781
ORD-00732,CUST-1687,8/4/2024,Books,9423,Seller,SELL-896
ORD-00733,CUST-7246,1/13/2024,Home,9281,FBA,SELL-393
ORD-00734,CUST-8191,9/28/2024,Fashion,7170,FBA,SELL-167
ORD-00735,CUST-4434,2/8/2024,Electronics,14255,FBF,SELL-156
ORD-00736,CUST-8579,6/7/2024,Fashion,2702,FBF,SELL-486
ORD-00737,CUST-4383,9/3/2024,Home,9770,Seller,SELL-733
ORD-00738,CUST-8936,8/14/2024,Home,5868,FBF,SELL-905
ORD-00739,CUST-1561,5/10/2024,Books,8495,FBA,SELL-528
ORD-00740,CUST-8519,2/15/2024,Home,10115,FBF,SELL-860
ORD-00741,CUST-3348,5/14/2024,Fashion,13006,FBF,SELL-916
ORD-00742,CUST-5394,11/9/2024,Electronics,6813,FBF,SELL-411
ORD-00743,CUST-1633,4/6/2024,Home,5862,FBF,SELL-844
ORD-00744,CUST-8313,8/14/2024,Electronics,10278,Seller,SELL-218
ORD-00745,CUST-3760,8/22/2024,Books,8037,Seller,SELL-665
ORD-00746,CUST-1084,5/18/2024,Books,10207,Seller,SELL-322
ORD-00747,CUST-1745,8/2/2024,Electronics,1277,FBF,SELL-454
ORD-00748,CUST-4564,5/1/2024,Electronics,161,FBA,SELL-539
ORD-00749,CUST-7980,10/24/2024,Home,1628,FBA,SELL-401
ORD-00750,CUST-9974,5/13/2024,Books,9073,Seller,SELL-204
ORD-00751,CUST-1174,5/30/2024,Home,6523,Seller,SELL-868
ORD-00752,CUST-8930,11/7/2024,Electronics,13264,Seller,SELL-798
ORD-00753,CUST-6322,4/21/2024,Electronics,179,Seller,SELL-306
ORD-00754,CUST-7517,2/2/2024,Fashion,6753,FBF,SELL-850
ORD-00755,CUST-3212,7/3/2024,Home,6747,Seller,SELL-813
ORD-00756,CUST-9610,11/5/2024,Books,10719,FBA,SELL-207
ORD-00757,CUST-4795,2/12/2024,Fashion,2818,FBA,SELL-415
ORD-00758,CUST-1109,1/8/2024,Electronics,11786,Seller,SELL-777
ORD-00759,CUST-9043,12/8/2024,Books,5827,Seller,SELL-157
ORD-00760,CUST-5245,5/23/2024,Home,5410,Seller,SELL-453
ORD-00761,CUST-8005,10/15/2024,Fashion,13046,FBA,SELL-650
ORD-00762,CUST-3091,9/11/2024,Books,12062,FBF,SELL-725
ORD-00763,CUST-9875,8/13/2024,Home,4625,FBA,SELL-164
ORD-00764,CUST-2651,7/1/2024,Electronics,11704,FBA,SELL-195
ORD-00765,CUST-4994,7/27/2024,Fashion,9919,FBF,SELL-870
ORD-00766,CUST-3051,7/7/2024,Electronics,4087,FBA,SELL-932
ORD-00767,CUST-3937,10/6/2024,Fashion,6509,Seller,SELL-171
ORD-00768,CUST-2129,8/7/2024,Electronics,3059,FBA,SELL-134
ORD-00769,CUST-5363,2/20/2024,Fashion,5494,FBA,SELL-859
ORD-00770,CUST-4398,4/22/2024,Home,10038,FBF,SELL-607
ORD-00771,CUST-5391,7/21/2024,Books,6925,FBF,SELL-987
ORD-00772,CUST-7720,6/20/2024,Home,7003,Seller,SELL-377
ORD-00773,CUST-6637,1/21/2024,Books,777,Seller,SELL-840
ORD-00774,CUST-2477,2/6/2024,Fashion,9385,Seller,SELL-140
ORD-00775,CUST-4434,7/31/2024,Books,3832,FBF,SELL-433
ORD-00776,CUST-5670,10/15/2024,Home,5158,Seller,SELL-234
ORD-00777,CUST-6879,5/24/2024,Fashion,5099,FBA,SELL-376
ORD-00778,CUST-7579,1/31/2024,Books,8642,Seller,SELL-747
ORD-00779,CUST-3400,8/30/2024,Electronics,9976,Seller,SELL-497
ORD-00780,CUST-8245,12/19/2024,Books,9015,Seller,SELL-855
ORD-00781,CUST-2967,12/4/2024,Fashion,7245,Seller,SELL-103
ORD-00782,CUST-2797,2/24/2024,Home,6323,FBF,SELL-955
ORD-00783,CUST-2701,4/8/2024,Home,13906,FBA,SELL-574
ORD-00784,CUST-9237,10/10/2024,Electronics,9946,FBF,SELL-438
ORD-00785,CUST-8006,5/6/2024,Fashion,10348,FBF,SELL-651
ORD-00786,CUST-2203,10/13/2024,Home,11350,FBA,SELL-292
ORD-00787,CUST-1065,5/24/2024,Fashion,9071,Seller,SELL-606
ORD-00788,CUST-3218,11/18/2024,Books,14538,Seller,SELL-297
ORD-00789,CUST-6454,10/3/2024,Fashion,11310,FBF,SELL-418
ORD-00790,CUST-2091,3/7/2024,Electronics,11786,FBF,SELL-921
ORD-00791,CUST-1426,9/24/2024,Fashion,8482,FBF,SELL-273
ORD-00792,CUST-2919,6/23/2024,Electronics,2376,FBF,SELL-854
ORD-00793,CUST-9478,8/22/2024,Fashion,7665,Seller,SELL-675
ORD-00794,CUST-1300,8/23/2024,Home,4431,Seller,SELL-923
ORD-00795,CUST-7558,9/4/2024,Electronics,7415,FBF,SELL-749
ORD-00796,CUST-8650,12/29/2024,Fashion,725,FBF,SELL-495
ORD-00797,CUST-2249,3/3/2024,Electronics,10482,Seller,SELL-401
ORD-00798,CUST-6995,2/28/2024,Electronics,4167,Seller,SELL-223
ORD-00799,CUST-6603,7/13/2024,Home,5898,FBA,SELL-249
ORD-00800,CUST-9556,11/5/2024,Electronics,5821,FBF,SELL-524
ORD-00801,CUST-1739,7/10/2024,Electronics,9485,FBF,SELL-410
ORD-00802,CUST-9496,7/29/2024,Fashion,7970,Seller,SELL-417
ORD-00803,CUST-4729,7/19/2024,Home,6776,FBA,SELL-187
ORD-00804,CUST-8951,11/28/2024,Home,11973,Seller,SELL-426
ORD-00805,CUST-6838,9/11/2024,Fashion,6154,Seller,SELL-449
ORD-00806,CUST-2696,1/14/2024,Fashion,8356,Seller,SELL-262
ORD-00807,CUST-3801,6/1/2024,Fashion,6444,Seller,SELL-676
ORD-00808,CUST-6718,6/25/2024,Electronics,1577,FBF,SELL-870
ORD-00809,CUST-9736,11/5/2024,Fashion,5807,FBF,SELL-741
ORD-00810,CUST-8273,5/14/2024,Electronics,14192,FBF,SELL-860
ORD-00811,CUST-8652,10/16/2024,Books,3701,Seller,SELL-273
ORD-00812,CUST-6007,6/4/2024,Fashion,3703,Seller,SELL-328
ORD-00813,CUST-6263,2/6/2024,Books,11947,FBA,SELL-223
ORD-00814,CUST-9807,3/24/2024,Books,6846,FBA,SELL-253
ORD-00815,CUST-1474,12/4/2024,Home,9736,Seller,SELL-556
ORD-00816,CUST-7258,7/14/2024,Electronics,5892,Seller,SELL-707
ORD-00817,CUST-2384,10/19/2024,Home,899,FBF,SELL-663
ORD-00818,CUST-6752,11/12/2024,Electronics,2482,FBA,SELL-786
ORD-00819,CUST-3238,11/14/2024,Books,5480,Seller,SELL-659
ORD-00820,CUST-9042,11/17/2024,Home,8278,FBF,SELL-945
ORD-00821,CUST-3389,5/13/2024,Home,7990,FBF,SELL-686
ORD-00822,CUST-4777,6/5/2024,Fashion,157,FBA,SELL-208
ORD-00823,CUST-9280,11/25/2024,Home,14149,FBF,SELL-270
ORD-00824,CUST-7608,4/18/2024,Home,6035,FBA,SELL-818
ORD-00825,CUST-2435,4/22/2024,Fashion,7343,FBF,SELL-692
ORD-00826,CUST-9789,11/1/2024,Fashion,10173,FBA,SELL-115
ORD-00827,CUST-6748,9/12/2024,Home,13353,FBF,SELL-562
ORD-00828,CUST-1365,10/23/2024,Home,13057,FBA,SELL-552
ORD-00829,CUST-6223,4/5/2024,Electronics,10107,FBF,SELL-681
ORD-00830,CUST-5063,7/5/2024,Books,1879,FBA,SELL-600
ORD-00831,CUST-9358,5/11/2024,Electronics,14614,Seller,SELL-523
ORD-00832,CUST-3072,12/28/2024,Books,10709,FBA,SELL-644
ORD-00833,CUST-5059,10/16/2024,Books,5886,FBF,SELL-933
ORD-00834,CUST-5053,7/30/2024,Fashion,9038,FBA,SELL-583
ORD-00835,CUST-3181,4/13/2024,Fashion,5987,Seller,SELL-266
ORD-00836,CUST-5773,3/31/2024,Electronics,1855,Seller,SELL-368
ORD-00837,CUST-8233,2/2/2024,Home,8782,FBF,SELL-839
ORD-00838,CUST-8234,6/13/2024,Books,4335,Seller,SELL-274
ORD-00839,CUST-8123,8/12/2024,Electronics,9564,FBA,SELL-382
ORD-00840,CUST-1075,4/23/2024,Books,11704,Seller,SELL-935
ORD-00841,CUST-1758,12/13/2024,Electronics,5369,Seller,SELL-917
ORD-00842,CUST-8484,11/15/2024,Electronics,6558,FBA,SELL-319
ORD-00843,CUST-4045,6/18/2024,Books,4403,FBF,SELL-603
ORD-00844,CUST-2595,5/5/2024,Electronics,8726,Seller,SELL-294
ORD-00845,CUST-2000,4/6/2024,Books,12495,Seller,SELL-904
ORD-00846,CUST-5562,3/18/2024,Electronics,9099,Seller,SELL-819
ORD-00847,CUST-3367,1/18/2024,Home,9263,FBF,SELL-638
ORD-00848,CUST-6495,3/21/2024,Fashion,2055,FBA,SELL-209
ORD-00849,CUST-9724,6/20/2024,Home,14636,Seller,SELL-775
ORD-00850,CUST-8005,4/8/2024,Books,10900,FBA,SELL-137
ORD-00851,CUST-5745,8/13/2024,Home,8778,FBA,SELL-638
ORD-00852,CUST-8778,6/7/2024,Electronics,1893,Seller,SELL-631
ORD-00853,CUST-5750,2/24/2024,Electronics,8192,FBA,SELL-951
ORD-00854,CUST-3885,10/29/2024,Books,4038,Seller,SELL-804
ORD-00855,CUST-5856,5/17/2024,Fashion,6552,Seller,SELL-649
ORD-00856,CUST-5635,6/18/2024,Electronics,13046,Seller,SELL-114
ORD-00857,CUST-3914,8/9/2024,Fashion,2827,Seller,SELL-414
ORD-00858,CUST-8177,5/8/2024,Books,1514,FBA,SELL-873
ORD-00859,CUST-9050,3/24/2024,Electronics,5809,FBA,SELL-642
ORD-00860,CUST-8122,12/11/2024,Books,13919,FBF,SELL-232
ORD-00861,CUST-4366,5/21/2024,Electronics,6547,Seller,SELL-812
ORD-00862,CUST-6390,8/28/2024,Books,14279,FBF,SELL-777
ORD-00863,CUST-3832,12/13/2024,Fashion,5348,Seller,SELL-305
ORD-00864,CUST-7617,2/6/2024,Home,1940,Seller,SELL-800
ORD-00865,CUST-6949,9/15/2024,Home,1189,Seller,SELL-334
ORD-00866,CUST-6061,5/10/2024,Books,5539,FBF,SELL-172
ORD-00867,CUST-8973,8/17/2024,Books,6564,Seller,SELL-853
ORD-00868,CUST-3516,12/21/2024,Home,10234,FBF,SELL-603
ORD-00869,CUST-7406,11/9/2024,Books,2290,Seller,SELL-185
ORD-00870,CUST-5245,5/8/2024,Electronics,119,FBF,SELL-384
ORD-00871,CUST-8731,9/26/2024,Home,12987,Seller,SELL-601
ORD-00872,CUST-5339,6/20/2024,Fashion,14676,Seller,SELL-344
ORD-00873,CUST-6958,1/14/2024,Books,7642,Seller,SELL-240
ORD-00874,CUST-1267,4/2/2024,Books,14876,Seller,SELL-151
ORD-00875,CUST-5679,7/9/2024,Fashion,6788,Seller,SELL-439
ORD-00876,CUST-1467,3/6/2024,Books,10533,FBF,SELL-492
ORD-00877,CUST-7206,9/12/2024,Electronics,7489,FBA,SELL-947
ORD-00878,CUST-3747,11/19/2024,Books,13173,Seller,SELL-413
ORD-00879,CUST-4317,9/7/2024,Electronics,7776,FBF,SELL-865
ORD-00880,CUST-5872,7/28/2024,Fashion,8819,FBA,SELL-388
ORD-00881,CUST-1075,5/21/2024,Electronics,11858,FBA,SELL-620
ORD-00882,CUST-3231,1/13/2024,Books,1797,FBF,SELL-583
ORD-00883,CUST-3084,6/18/2024,Home,14102,Seller,SELL-520
ORD-00884,CUST-2323,8/30/2024,Home,278,FBA,SELL-285
ORD-00885,CUST-5870,4/22/2024,Electronics,3699,FBA,SELL-252
ORD-00886,CUST-5917,12/3/2024,Electronics,3480,Seller,SELL-682
ORD-00887,CUST-7530,1/6/2024,Books,10675,FBA,SELL-135
ORD-00888,CUST-5302,12/5/2024,Books,5117,FBA,SELL-387
ORD-00889,CUST-8816,7/29/2024,Home,12986,FBF,SELL-863
ORD-00890,CUST-6637,6/27/2024,Home,11546,FBA,SELL-789
ORD-00891,CUST-2064,4/27/2024,Home,8683,Seller,SELL-412
ORD-00892,CUST-1938,2/19/2024,Fashion,9812,FBA,SELL-608
ORD-00893,CUST-2815,12/17/2024,Books,8422,Seller,SELL-457
ORD-00894,CUST-4764,1/11/2024,Electronics,6986,FBA,SELL-434
ORD-00895,CUST-7169,1/9/2024,Books,3330,Seller,SELL-110
ORD-00896,CUST-4423,1/11/2024,Books,482,FBF,SELL-702
ORD-00897,CUST-1081,6/25/2024,Fashion,13213,FBF,SELL-804
ORD-00898,CUST-2967,11/30/2024,Home,8374,Seller,SELL-445
ORD-00899,CUST-9878,5/31/2024,Fashion,5213,FBA,SELL-695
ORD-00900,CUST-1126,11/2/2024,Home,9749,FBA,SELL-443
ORD-00901,CUST-6604,4/18/2024,Electronics,11866,FBA,SELL-174
ORD-00902,CUST-5975,6/7/2024,Books,4006,FBF,SELL-236
ORD-00903,CUST-3906,12/25/2024,Books,12405,FBA,SELL-994
ORD-00904,CUST-5723,9/21/2024,Electronics,4318,FBF,SELL-606
ORD-00905,CUST-2743,4/29/2024,Electronics,7719,Seller,SELL-152
ORD-00906,CUST-7862,11/4/2024,Home,9178,Seller,SELL-107
ORD-00907,CUST-2205,3/16/2024,Books,205,Seller,SELL-743
ORD-00908,CUST-5093,12/2/2024,Home,14425,Seller,SELL-673
ORD-00909,CUST-2709,6/21/2024,Fashion,2703,FBA,SELL-519
ORD-00910,CUST-6426,3/28/2024,Electronics,9917,FBA,SELL-185
ORD-00911,CUST-7260,3/18/2024,Books,8013,Seller,SELL-210
ORD-00912,CUST-4850,9/6/2024,Home,3578,FBF,SELL-517
ORD-00913,CUST-5805,2/27/2024,Home,13699,FBA,SELL-130
ORD-00914,CUST-4143,1/2/2024,Fashion,3807,Seller,SELL-102
ORD-00915,CUST-4309,5/27/2024,Fashion,269,FBF,SELL-925
ORD-00916,CUST-5186,4/8/2024,Electronics,2283,Seller,SELL-292
ORD-00917,CUST-5169,5/1/2024,Home,12144,FBA,SELL-964
ORD-00918,CUST-7794,3/26/2024,Fashion,7876,FBA,SELL-527
ORD-00919,CUST-6743,4/30/2024,Books,11442,FBF,SELL-221
ORD-00920,CUST-2028,4/17/2024,Home,11831,Seller,SELL-353
ORD-00921,CUST-1875,9/27/2024,Fashion,5478,FBA,SELL-593
ORD-00922,CUST-3305,9/4/2024,Electronics,11482,Seller,SELL-625
ORD-00923,CUST-9110,2/6/2024,Electronics,13414,FBA,SELL-984
ORD-00924,CUST-6932,11/18/2024,Fashion,1774,Seller,SELL-993
ORD-00925,CUST-2318,12/12/2024,Books,1811,Seller,SELL-784
ORD-00926,CUST-4663,10/1/2024,Fashion,7736,FBF,SELL-822
ORD-00927,CUST-1829,2/4/2024,Electronics,7067,FBF,SELL-777
ORD-00928,CUST-5475,8/16/2024,Books,9000,FBA,SELL-452
ORD-00929,CUST-4395,8/19/2024,Books,3968,Seller,SELL-161
ORD-00930,CUST-5455,2/18/2024,Home,3348,Seller,SELL-633
ORD-00931,CUST-2693,8/9/2024,Electronics,1539,FBA,SELL-247
ORD-00932,CUST-7596,10/18/2024,Fashion,12453,FBA,SELL-673
ORD-00933,CUST-6021,4/17/2024,Books,10651,Seller,SELL-253
ORD-00934,CUST-3089,4/24/2024,Fashion,3243,FBF,SELL-499
ORD-00935,CUST-5470,5/9/2024,Books,8179,FBF,SELL-273
ORD-00936,CUST-3868,7/27/2024,Books,5043,FBF,SELL-580
ORD-00937,CUST-5963,1/11/2024,Electronics,3139,Seller,SELL-930
ORD-00938,CUST-5263,11/15/2024,Fashion,7239,FBF,SELL-682
ORD-00939,CUST-9807,1/15/2024,Books,4525,FBA,SELL-146
ORD-00940,CUST-5796,3/25/2024,Fashion,9612,Seller,SELL-384
ORD-00941,CUST-2076,10/16/2024,Fashion,14395,Seller,SELL-152
ORD-00942,CUST-3964,12/27/2024,Fashion,10850,FBF,SELL-352
ORD-00943,CUST-3532,10/24/2024,Home,4945,FBF,SELL-758
ORD-00944,CUST-7804,7/23/2024,Fashion,1750,Seller,SELL-537
ORD-00945,CUST-8098,4/18/2024,Home,2807,Seller,SELL-677
ORD-00946,CUST-7349,7/7/2024,Home,12145,FBF,SELL-892
ORD-00947,CUST-8742,7/21/2024,Electronics,7093,FBA,SELL-784
ORD-00948,CUST-8637,1/19/2024,Home,13881,Seller,SELL-269
ORD-00949,CUST-5208,1/8/2024,Electronics,2205,Seller,SELL-163
ORD-00950,CUST-2126,6/4/2024,Books,4195,FBF,SELL-107
ORD-00951,CUST-6855,10/17/2024,Fashion,2902,FBA,SELL-297
ORD-00952,CUST-3846,9/11/2024,Home,12025,Seller,SELL-716
ORD-00953,CUST-9800,9/17/2024,Home,8360,Seller,SELL-830
ORD-00954,CUST-1617,2/28/2024,Electronics,5762,FBF,SELL-313
ORD-00955,CUST-3536,3/25/2024,Books,9433,FBA,SELL-871
ORD-00956,CUST-1651,9/6/2024,Home,2322,FBF,SELL-447
ORD-00957,CUST-6978,3/7/2024,Books,1243,FBF,SELL-718
ORD-00958,CUST-5038,10/23/2024,Electronics,305,FBA,SELL-807
ORD-00959,CUST-1619,9/17/2024,Fashion,8912,FBA,SELL-743
ORD-00960,CUST-3993,11/25/2024,Fashion,7111,FBF,SELL-831
ORD-00961,CUST-5405,11/9/2024,Electronics,10414,Seller,SELL-927
ORD-00962,CUST-7768,7/10/2024,Fashion,3091,FBA,SELL-706
ORD-00963,CUST-9191,9/21/2024,Home,11115,FBF,SELL-232
ORD-00964,CUST-4274,9/25/2024,Electronics,6713,FBA,SELL-713
ORD-00965,CUST-9620,5/14/2024,Fashion,12841,FBA,SELL-601
ORD-00966,CUST-4865,1/13/2024,Books,13674,FBA,SELL-929
ORD-00967,CUST-8449,3/16/2024,Home,9841,FBA,SELL-996
ORD-00968,CUST-3076,7/23/2024,Home,9574,FBA,SELL-276
ORD-00969,CUST-9462,11/1/2024,Home,13940,FBA,SELL-758
ORD-00970,CUST-8285,2/29/2024,Electronics,1313,FBA,SELL-139
ORD-00971,CUST-6011,8/1/2024,Home,12900,Seller,SELL-897
ORD-00972,CUST-9329,6/5/2024,Fashion,4456,Seller,SELL-181
ORD-00973,CUST-4782,5/27/2024,Books,1549,FBF,SELL-139
ORD-00974,CUST-7045,4/5/2024,Books,9059,Seller,SELL-761
ORD-00975,CUST-4411,12/23/2024,Home,3257,FBA,SELL-224
ORD-00976,CUST-3101,8/13/2024,Electronics,3443,Seller,SELL-773
ORD-00977,CUST-7445,9/20/2024,Electronics,9725,FBF,SELL-229
ORD-00978,CUST-7286,9/19/2024,Fashion,10068,Seller,SELL-708
ORD-00979,CUST-7803,5/17/2024,Books,6432,FBF,SELL-918
ORD-00980,CUST-9807,2/1/2024,Fashion,11646,FBF,SELL-887
ORD-00981,CUST-5770,4/20/2024,Home,11143,FBF,SELL-584
ORD-00982,CUST-8052,1/26/2024,Books,10143,Seller,SELL-867
ORD-00983,CUST-4618,8/20/2024,Home,5780,FBA,SELL-126
ORD-00984,CUST-9362,3/25/2024,Books,433,FBF,SELL-999
ORD-00985,CUST-5253,8/11/2024,Books,10064,FBF,SELL-768
ORD-00986,CUST-8073,11/7/2024,Home,4665,FBA,SELL-862
ORD-00987,CUST-2063,11/25/2024,Books,4235,Seller,SELL-707
ORD-00988,CUST-9929,12/3/2024,Fashion,13679,FBA,SELL-685
ORD-00989,CUST-8690,10/15/2024,Books,3537,FBA,SELL-892
ORD-00990,CUST-2038,7/19/2024,Books,8177,Seller,SELL-559
ORD-00991,CUST-1931,8/19/2024,Electronics,11868,FBF,SELL-866
ORD-00992,CUST-5219,4/2/2024,Home,10135,FBF,SELL-297
ORD-00993,CUST-2687,9/29/2024,Fashion,5020,FBF,SELL-574
ORD-00994,CUST-2389,5/3/2024,Fashion,6488,Seller,SELL-897
ORD-00995,CUST-4689,5/15/2024,Electronics,3363,Seller,SELL-779
ORD-00996,CUST-8089,12/14/2024,Fashion,1298,FBA,SELL-280
ORD-00997,CUST-5638,8/31/2024,Fashion,11267,Seller,SELL-117
ORD-00998,CUST-2184,12/30/2024,Home,7574,FBF,SELL-159
ORD-00999,CUST-7486,1/19/2024,Fashion,14313,FBA,SELL-257
ORD-01000,CUST-2539,9/3/2024,Home,1540,Seller,SELL-757
