ticket_id,order_id,agent_id,created_date,resolved_date,escalation_type,escalation_level,resolution_status,csat_score,re_escalated
TKT-00001,ORD-00108,AGENT-214,6/2/2024,6/12/2024,Return,L1,Escalated,3,Y
TKT-00002,ORD-00356,AGENT-939,11/6/2024,11/6/2024,Refund,L2,Escalated,3,Y
TKT-00003,ORD-00870,AGENT-619,5/10/2024,5/17/2024,Logistics,L2,Escalated,2,N
TKT-00004,ORD-00925,AGENT-108,4/1/2024,4/10/2024,Seller,L2,Pending,1,N
TKT-00005,ORD-00979,AGENT-612,8/10/2024,8/11/2024,Seller,L2,Escalated,2,N
TKT-00006,ORD-00236,AGENT-272,6/14/2024,6/24/2024,Return,L1,Pending,2,N
TKT-00007,ORD-00275,AGENT-138,6/5/2024,6/14/2024,Seller,L2,Pending,5,N
TKT-00008,ORD-00123,AGENT-452,7/12/2024,7/16/2024,Refund,L2,Resolved,3,N
TKT-00009,ORD-00311,AGENT-105,1/26/2024,1/29/2024,Return,L2,Resolved,2,N
TKT-00010,ORD-00391,AGENT-416,2/3/2024,2/6/2024,Seller,L2,Escalated,3,Y
TKT-00011,ORD-00109,AGENT-720,4/1/2024,4/11/2024,Refund,L1,Pending,3,Y
TKT-00012,ORD-00333,AGENT-383,4/21/2024,4/26/2024,Return,L1,Escalated,1,Y
TKT-00013,ORD-00729,AGENT-762,7/9/2024,7/10/2024,Logistics,L2,Pending,4,Y
TKT-00014,ORD-00715,AGENT-394,1/21/2024,1/23/2024,Refund,L1,Escalated,5,N
TKT-00015,ORD-00386,AGENT-493,3/19/2024,3/26/2024,Logistics,L1,Escalated,1,N
TKT-00016,ORD-00372,AGENT-307,11/27/2024,11/27/2024,Logistics,L1,Escalated,2,N
TKT-00017,ORD-00072,AGENT-377,7/3/2024,7/12/2024,Refund,L2,Escalated,3,N
TKT-00018,ORD-00064,AGENT-279,6/10/2024,6/16/2024,Account,L1,Resolved,2,Y
TKT-00019,ORD-00567,AGENT-162,8/26/2024,9/1/2024,Logistics,L2,Pending,3,N
TKT-00020,ORD-00725,AGENT-353,2/28/2024,3/4/2024,Account,L1,Escalated,2,N
TKT-00021,ORD-00044,AGENT-357,2/14/2024,2/22/2024,Account,L1,Pending,5,Y
TKT-00022,ORD-00946,AGENT-570,8/27/2024,9/6/2024,Account,L1,Escalated,2,Y
TKT-00023,ORD-00407,AGENT-802,11/28/2024,12/6/2024,Refund,L1,Resolved,4,N
TKT-00024,ORD-00936,AGENT-924,7/10/2024,7/15/2024,Logistics,L1,Escalated,5,Y
TKT-00025,ORD-00634,AGENT-408,10/14/2024,10/16/2024,Return,L1,Escalated,5,N
TKT-00026,ORD-00508,AGENT-900,4/8/2024,4/15/2024,Refund,L2,Pending,3,N
TKT-00027,ORD-00876,AGENT-615,9/10/2024,9/10/2024,Account,L1,Escalated,3,N
TKT-00028,ORD-00701,AGENT-771,9/14/2024,9/15/2024,Logistics,L1,Escalated,5,Y
TKT-00029,ORD-00091,AGENT-973,10/10/2024,10/13/2024,Account,L2,Pending,5,N
TKT-00030,ORD-00466,AGENT-427,9/11/2024,9/12/2024,Logistics,L2,Pending,4,Y
TKT-00031,ORD-00008,AGENT-257,6/5/2024,6/15/2024,Return,L1,Resolved,4,N
TKT-00032,ORD-00170,AGENT-535,8/14/2024,8/24/2024,Seller,L2,Pending,1,Y
TKT-00033,ORD-00663,AGENT-329,1/18/2024,1/18/2024,Seller,L1,Resolved,4,Y
TKT-00034,ORD-00520,AGENT-332,6/1/2024,6/5/2024,Return,L1,Pending,1,N
TKT-00035,ORD-00126,AGENT-115,12/27/2024,12/31/2024,Return,L1,Escalated,4,Y
TKT-00036,ORD-00927,AGENT-454,1/15/2024,1/20/2024,Seller,L2,Escalated,1,N
TKT-00037,ORD-00174,AGENT-369,5/15/2024,5/18/2024,Seller,L2,Resolved,1,N
TKT-00038,ORD-00576,AGENT-847,2/11/2024,2/19/2024,Refund,L1,Escalated,4,Y
TKT-00039,ORD-00789,AGENT-831,10/17/2024,10/22/2024,Logistics,L1,Escalated,2,N
TKT-00040,ORD-00810,AGENT-447,7/28/2024,7/30/2024,Logistics,L2,Resolved,4,Y
TKT-00041,ORD-00703,AGENT-809,12/4/2024,12/4/2024,Account,L1,Pending,1,Y
TKT-00042,ORD-00110,AGENT-921,11/29/2024,12/9/2024,Logistics,L1,Pending,4,Y
TKT-00043,ORD-00418,AGENT-408,8/1/2024,8/10/2024,Logistics,L1,Escalated,5,Y
TKT-00044,ORD-00517,AGENT-884,6/23/2024,6/24/2024,Account,L2,Resolved,3,N
TKT-00045,ORD-00653,AGENT-620,4/28/2024,5/4/2024,Account,L1,Escalated,2,N
TKT-00046,ORD-00478,AGENT-821,7/16/2024,7/16/2024,Seller,L1,Resolved,5,N
TKT-00047,ORD-00893,AGENT-408,4/20/2024,4/30/2024,Seller,L2,Pending,1,Y
TKT-00048,ORD-00184,AGENT-820,4/18/2024,4/24/2024,Return,L1,Resolved,1,Y
TKT-00049,ORD-00767,AGENT-599,4/17/2024,4/18/2024,Return,L1,Escalated,5,N
TKT-00050,ORD-00196,AGENT-622,7/16/2024,7/16/2024,Account,L2,Resolved,2,Y
TKT-00051,ORD-00096,AGENT-895,4/4/2024,4/12/2024,Refund,L2,Pending,3,Y
TKT-00052,ORD-00019,AGENT-317,3/6/2024,3/9/2024,Account,L2,Pending,3,N
TKT-00053,ORD-00142,AGENT-575,4/11/2024,4/13/2024,Return,L2,Escalated,1,N
TKT-00054,ORD-00472,AGENT-630,4/5/2024,4/5/2024,Return,L2,Resolved,3,Y
TKT-00055,ORD-00061,AGENT-571,4/13/2024,4/15/2024,Logistics,L1,Pending,1,Y
TKT-00056,ORD-00182,AGENT-283,10/18/2024,10/28/2024,Refund,L1,Pending,5,Y
TKT-00057,ORD-00398,AGENT-616,12/28/2024,12/30/2024,Logistics,L2,Escalated,3,N
TKT-00058,ORD-00671,AGENT-751,9/3/2024,9/12/2024,Return,L1,Resolved,4,Y
TKT-00059,ORD-00769,AGENT-842,12/13/2024,12/21/2024,Refund,L2,Resolved,2,Y
TKT-00060,ORD-00853,AGENT-313,1/17/2024,1/19/2024,Logistics,L2,Resolved,2,N
TKT-00061,ORD-00681,AGENT-256,2/5/2024,2/10/2024,Seller,L1,Escalated,2,N
TKT-00062,ORD-00637,AGENT-196,7/16/2024,7/26/2024,Seller,L2,Pending,1,Y
TKT-00063,ORD-00854,AGENT-612,4/19/2024,4/29/2024,Refund,L1,Pending,5,N
TKT-00064,ORD-00188,AGENT-887,4/22/2024,4/25/2024,Refund,L2,Resolved,1,Y
TKT-00065,ORD-00363,AGENT-582,3/31/2024,4/2/2024,Account,L2,Resolved,3,N
TKT-00066,ORD-00805,AGENT-168,3/28/2024,4/2/2024,Refund,L2,Pending,4,Y
TKT-00067,ORD-00826,AGENT-744,4/20/2024,4/29/2024,Refund,L1,Escalated,1,Y
TKT-00068,ORD-00804,AGENT-267,12/5/2024,12/5/2024,Return,L2,Escalated,3,N
TKT-00069,ORD-00809,AGENT-302,7/22/2024,8/1/2024,Logistics,L1,Resolved,5,N
TKT-00070,ORD-00310,AGENT-798,7/24/2024,8/1/2024,Logistics,L2,Resolved,4,N
TKT-00071,ORD-00207,AGENT-641,8/23/2024,9/1/2024,Seller,L1,Resolved,1,N
TKT-00072,ORD-00317,AGENT-891,11/16/2024,11/21/2024,Logistics,L2,Escalated,3,N
TKT-00073,ORD-00163,AGENT-808,3/30/2024,4/4/2024,Refund,L2,Escalated,2,N
TKT-00074,ORD-00267,AGENT-195,9/17/2024,9/24/2024,Account,L1,Pending,2,N
TKT-00075,ORD-00793,AGENT-365,6/4/2024,6/5/2024,Return,L1,Resolved,2,Y
TKT-00076,ORD-00182,AGENT-740,9/8/2024,9/10/2024,Refund,L2,Escalated,2,Y
TKT-00077,ORD-00074,AGENT-264,7/24/2024,7/28/2024,Return,L1,Resolved,4,N
TKT-00078,ORD-00681,AGENT-550,6/6/2024,6/6/2024,Return,L2,Resolved,1,Y
TKT-00079,ORD-00567,AGENT-598,9/1/2024,9/8/2024,Refund,L2,Escalated,5,N
TKT-00080,ORD-00553,AGENT-588,9/10/2024,9/20/2024,Refund,L1,Resolved,2,Y
TKT-00081,ORD-00489,AGENT-959,5/29/2024,6/7/2024,Return,L1,Escalated,4,Y
TKT-00082,ORD-00923,AGENT-758,8/7/2024,8/10/2024,Return,L2,Escalated,3,Y
TKT-00083,ORD-00014,AGENT-578,4/30/2024,5/8/2024,Account,L2,Resolved,1,Y
TKT-00084,ORD-00694,AGENT-295,4/13/2024,4/19/2024,Return,L1,Escalated,2,Y
TKT-00085,ORD-00732,AGENT-617,5/5/2024,5/8/2024,Refund,L1,Resolved,5,Y
TKT-00086,ORD-00716,AGENT-775,6/27/2024,7/4/2024,Return,L1,Pending,5,Y
TKT-00087,ORD-00606,AGENT-119,6/22/2024,6/22/2024,Seller,L1,Escalated,3,N
TKT-00088,ORD-00804,AGENT-130,6/11/2024,6/13/2024,Account,L2,Resolved,1,N
TKT-00089,ORD-00526,AGENT-756,5/22/2024,5/29/2024,Logistics,L1,Resolved,5,Y
TKT-00090,ORD-00338,AGENT-387,12/16/2024,12/16/2024,Seller,L2,Escalated,4,N
TKT-00091,ORD-00959,AGENT-827,1/17/2024,1/17/2024,Account,L1,Resolved,4,N
TKT-00092,ORD-00303,AGENT-454,6/21/2024,6/22/2024,Return,L1,Resolved,1,N
TKT-00093,ORD-00764,AGENT-665,10/20/2024,10/26/2024,Return,L1,Resolved,2,N
TKT-00094,ORD-00962,AGENT-201,11/21/2024,11/22/2024,Refund,L1,Escalated,5,N
TKT-00095,ORD-00163,AGENT-400,4/13/2024,4/19/2024,Seller,L1,Escalated,2,Y
TKT-00096,ORD-00263,AGENT-175,1/8/2024,1/18/2024,Seller,L2,Escalated,5,N
TKT-00097,ORD-00964,AGENT-657,11/26/2024,12/5/2024,Logistics,L2,Escalated,2,N
TKT-00098,ORD-00499,AGENT-206,12/29/2024,1/1/2025,Account,L2,Escalated,3,Y
TKT-00099,ORD-00429,AGENT-968,6/13/2024,6/20/2024,Seller,L1,Escalated,1,Y
TKT-00100,ORD-00127,AGENT-526,1/20/2024,1/30/2024,Account,L1,Pending,4,N
TKT-00101,ORD-00330,AGENT-497,2/17/2024,2/19/2024,Seller,L1,Escalated,1,N
TKT-00102,ORD-00611,AGENT-578,12/1/2024,12/6/2024,Return,L1,Escalated,4,Y
TKT-00103,ORD-00739,AGENT-372,5/17/2024,5/19/2024,Refund,L2,Escalated,3,Y
TKT-00104,ORD-00807,AGENT-579,5/11/2024,5/11/2024,Return,L2,Escalated,3,Y
TKT-00105,ORD-00143,AGENT-635,1/28/2024,1/28/2024,Seller,L2,Pending,5,N
TKT-00106,ORD-00518,AGENT-419,9/24/2024,9/26/2024,Account,L1,Resolved,3,N
TKT-00107,ORD-00355,AGENT-236,7/11/2024,7/18/2024,Logistics,L2,Pending,3,N
TKT-00108,ORD-00593,AGENT-672,2/3/2024,2/11/2024,Seller,L2,Resolved,3,Y
TKT-00109,ORD-00875,AGENT-316,10/7/2024,10/15/2024,Refund,L1,Pending,4,Y
TKT-00110,ORD-00794,AGENT-753,6/25/2024,6/27/2024,Account,L1,Escalated,4,N
TKT-00111,ORD-00969,AGENT-989,5/12/2024,5/14/2024,Refund,L2,Pending,2,N
TKT-00112,ORD-00287,AGENT-255,6/8/2024,6/17/2024,Seller,L2,Escalated,2,N
TKT-00113,ORD-00038,AGENT-203,2/17/2024,2/23/2024,Return,L2,Pending,1,Y
TKT-00114,ORD-00651,AGENT-858,12/30/2024,12/30/2024,Logistics,L1,Pending,1,N
TKT-00115,ORD-00219,AGENT-688,7/20/2024,7/26/2024,Seller,L1,Escalated,1,N
TKT-00116,ORD-00805,AGENT-386,5/10/2024,5/19/2024,Logistics,L2,Resolved,5,N
TKT-00117,ORD-00037,AGENT-190,5/4/2024,5/7/2024,Logistics,L2,Resolved,3,Y
TKT-00118,ORD-00572,AGENT-519,3/22/2024,3/26/2024,Account,L2,Pending,4,N
TKT-00119,ORD-00072,AGENT-275,4/30/2024,5/7/2024,Account,L1,Resolved,1,Y
TKT-00120,ORD-00869,AGENT-832,10/14/2024,10/24/2024,Logistics,L2,Resolved,1,Y
TKT-00121,ORD-00673,AGENT-927,8/26/2024,8/31/2024,Refund,L2,Resolved,2,Y
TKT-00122,ORD-00432,AGENT-404,8/13/2024,8/19/2024,Refund,L1,Escalated,3,N
TKT-00123,ORD-00817,AGENT-102,2/11/2024,2/17/2024,Refund,L2,Pending,1,N
TKT-00124,ORD-00168,AGENT-275,6/27/2024,7/1/2024,Return,L2,Resolved,3,Y
TKT-00125,ORD-00899,AGENT-404,6/29/2024,7/9/2024,Logistics,L1,Resolved,3,Y
TKT-00126,ORD-00258,AGENT-123,11/6/2024,11/9/2024,Seller,L2,Resolved,3,N
TKT-00127,ORD-00429,AGENT-586,5/12/2024,5/16/2024,Return,L1,Escalated,3,Y
TKT-00128,ORD-00643,AGENT-287,2/16/2024,2/24/2024,Return,L2,Escalated,1,N
TKT-00129,ORD-00149,AGENT-198,8/21/2024,8/22/2024,Logistics,L1,Pending,2,Y
TKT-00130,ORD-00137,AGENT-244,12/29/2024,1/2/2025,Account,L2,Escalated,3,N
TKT-00131,ORD-00607,AGENT-124,9/12/2024,9/17/2024,Refund,L2,Escalated,3,N
TKT-00132,ORD-00404,AGENT-611,6/19/2024,6/25/2024,Account,L2,Escalated,5,Y
TKT-00133,ORD-00400,AGENT-562,3/28/2024,4/4/2024,Seller,L1,Escalated,4,N
TKT-00134,ORD-00686,AGENT-148,7/10/2024,7/12/2024,Refund,L2,Escalated,1,N
TKT-00135,ORD-00280,AGENT-444,8/27/2024,9/5/2024,Refund,L2,Resolved,5,N
TKT-00136,ORD-00092,AGENT-712,4/16/2024,4/22/2024,Refund,L2,Pending,3,N
TKT-00137,ORD-00604,AGENT-880,5/21/2024,5/27/2024,Seller,L2,Resolved,2,Y
TKT-00138,ORD-00256,AGENT-929,12/2/2024,12/11/2024,Refund,L1,Escalated,1,N
TKT-00139,ORD-00293,AGENT-674,7/9/2024,7/17/2024,Refund,L1,Resolved,3,Y
TKT-00140,ORD-00492,AGENT-267,6/25/2024,6/25/2024,Seller,L2,Escalated,4,Y
TKT-00141,ORD-00441,AGENT-432,6/18/2024,6/26/2024,Logistics,L2,Resolved,1,Y
TKT-00142,ORD-00109,AGENT-137,5/14/2024,5/24/2024,Return,L2,Resolved,1,Y
TKT-00143,ORD-00577,AGENT-532,12/28/2024,12/30/2024,Refund,L2,Pending,1,N
TKT-00144,ORD-00683,AGENT-964,11/13/2024,11/21/2024,Refund,L2,Pending,5,N
TKT-00145,ORD-00694,AGENT-591,2/22/2024,3/3/2024,Account,L1,Resolved,3,N
TKT-00146,ORD-00886,AGENT-805,1/1/2024,1/2/2024,Account,L2,Pending,3,Y
TKT-00147,ORD-00576,AGENT-700,4/17/2024,4/18/2024,Seller,L1,Pending,3,Y
TKT-00148,ORD-00579,AGENT-569,11/24/2024,11/29/2024,Refund,L1,Resolved,3,N
TKT-00149,ORD-00494,AGENT-267,5/23/2024,6/1/2024,Logistics,L2,Pending,3,Y
TKT-00150,ORD-00334,AGENT-724,2/12/2024,2/21/2024,Seller,L1,Resolved,3,N
TKT-00151,ORD-00467,AGENT-345,6/16/2024,6/18/2024,Return,L2,Resolved,5,Y
TKT-00152,ORD-00691,AGENT-599,10/25/2024,10/26/2024,Logistics,L2,Pending,1,Y
TKT-00153,ORD-00108,AGENT-970,2/11/2024,2/21/2024,Return,L2,Escalated,1,N
TKT-00154,ORD-00184,AGENT-115,7/25/2024,8/2/2024,Account,L2,Resolved,5,N
TKT-00155,ORD-00164,AGENT-109,1/13/2024,1/18/2024,Refund,L1,Pending,5,N
TKT-00156,ORD-00361,AGENT-339,10/7/2024,10/14/2024,Seller,L1,Pending,2,Y
TKT-00157,ORD-00724,AGENT-684,9/19/2024,9/24/2024,Return,L2,Escalated,5,N
TKT-00158,ORD-00882,AGENT-555,11/4/2024,11/12/2024,Seller,L1,Pending,5,Y
TKT-00159,ORD-00169,AGENT-137,1/27/2024,2/1/2024,Seller,L1,Resolved,4,N
TKT-00160,ORD-00142,AGENT-516,8/16/2024,8/18/2024,Seller,L1,Resolved,4,Y
TKT-00161,ORD-00088,AGENT-951,5/7/2024,5/11/2024,Refund,L1,Pending,3,Y
TKT-00162,ORD-00669,AGENT-496,6/12/2024,6/22/2024,Return,L2,Resolved,3,N
TKT-00163,ORD-00015,AGENT-413,8/14/2024,8/19/2024,Seller,L2,Resolved,5,N
TKT-00164,ORD-00146,AGENT-889,4/9/2024,4/16/2024,Seller,L1,Resolved,1,N
TKT-00165,ORD-00798,AGENT-143,8/7/2024,8/13/2024,Account,L2,Escalated,4,N
TKT-00166,ORD-00938,AGENT-606,6/29/2024,7/8/2024,Seller,L2,Resolved,2,Y
TKT-00167,ORD-00258,AGENT-631,7/2/2024,7/2/2024,Refund,L2,Escalated,5,N
TKT-00168,ORD-00415,AGENT-613,4/25/2024,5/1/2024,Account,L2,Pending,2,N
TKT-00169,ORD-00400,AGENT-687,4/3/2024,4/7/2024,Seller,L1,Escalated,2,Y
TKT-00170,ORD-00879,AGENT-179,2/28/2024,3/5/2024,Account,L2,Pending,5,Y
TKT-00171,ORD-00219,AGENT-709,1/5/2024,1/12/2024,Refund,L1,Escalated,5,N
TKT-00172,ORD-00498,AGENT-864,10/22/2024,11/1/2024,Refund,L1,Resolved,1,Y
TKT-00173,ORD-00569,AGENT-282,11/2/2024,11/2/2024,Logistics,L1,Resolved,1,N
TKT-00174,ORD-00816,AGENT-415,10/4/2024,10/8/2024,Logistics,L2,Pending,1,Y
TKT-00175,ORD-00443,AGENT-854,5/7/2024,5/13/2024,Refund,L2,Resolved,3,N
TKT-00176,ORD-00678,AGENT-210,2/2/2024,2/10/2024,Account,L2,Resolved,2,Y
TKT-00177,ORD-00595,AGENT-402,3/7/2024,3/7/2024,Refund,L1,Pending,5,Y
TKT-00178,ORD-00816,AGENT-914,1/20/2024,1/21/2024,Return,L1,Escalated,4,Y
TKT-00179,ORD-00316,AGENT-600,1/14/2024,1/17/2024,Seller,L2,Resolved,5,N
TKT-00180,ORD-00480,AGENT-153,5/11/2024,5/16/2024,Refund,L1,Escalated,2,N
TKT-00181,ORD-00469,AGENT-974,5/2/2024,5/12/2024,Seller,L1,Resolved,5,Y
TKT-00182,ORD-00896,AGENT-729,9/4/2024,9/8/2024,Refund,L1,Escalated,2,Y
TKT-00183,ORD-00895,AGENT-500,5/25/2024,5/25/2024,Logistics,L2,Pending,3,N
TKT-00184,ORD-00687,AGENT-176,3/26/2024,4/1/2024,Logistics,L1,Pending,3,Y
TKT-00185,ORD-00414,AGENT-639,7/29/2024,8/4/2024,Logistics,L2,Resolved,5,Y
TKT-00186,ORD-00910,AGENT-267,7/9/2024,7/10/2024,Logistics,L2,Pending,1,N
TKT-00187,ORD-00161,AGENT-240,3/10/2024,3/14/2024,Account,L1,Pending,1,N
TKT-00188,ORD-00112,AGENT-961,3/21/2024,3/31/2024,Seller,L2,Resolved,3,N
TKT-00189,ORD-00573,AGENT-421,12/4/2024,12/13/2024,Return,L1,Resolved,5,Y
TKT-00190,ORD-00516,AGENT-316,1/16/2024,1/16/2024,Seller,L1,Escalated,3,N
TKT-00191,ORD-00061,AGENT-433,4/27/2024,5/5/2024,Refund,L1,Pending,1,Y
TKT-00192,ORD-00952,AGENT-219,2/16/2024,2/16/2024,Account,L1,Escalated,1,N
TKT-00193,ORD-00421,AGENT-209,1/13/2024,1/23/2024,Seller,L1,Escalated,4,N
TKT-00194,ORD-00403,AGENT-862,3/1/2024,3/7/2024,Return,L2,Resolved,2,N
TKT-00195,ORD-00254,AGENT-599,1/20/2024,1/21/2024,Return,L2,Escalated,4,Y
TKT-00196,ORD-00739,AGENT-752,9/22/2024,9/24/2024,Return,L2,Escalated,5,N
TKT-00197,ORD-00845,AGENT-743,10/14/2024,10/16/2024,Refund,L1,Escalated,4,N
TKT-00198,ORD-00824,AGENT-584,8/26/2024,9/3/2024,Logistics,L2,Escalated,2,N
TKT-00199,ORD-00438,AGENT-736,1/27/2024,1/28/2024,Account,L2,Resolved,4,N
TKT-00200,ORD-00999,AGENT-574,12/14/2024,12/14/2024,Logistics,L1,Escalated,4,N
TKT-00201,ORD-00251,AGENT-812,1/1/2024,1/5/2024,Return,L1,Pending,1,N
TKT-00202,ORD-00747,AGENT-529,6/24/2024,7/4/2024,Account,L1,Escalated,4,N
TKT-00203,ORD-00024,AGENT-319,1/21/2024,1/24/2024,Return,L2,Pending,5,N
TKT-00204,ORD-00644,AGENT-275,8/9/2024,8/17/2024,Refund,L2,Resolved,1,N
TKT-00205,ORD-00820,AGENT-103,2/23/2024,2/27/2024,Account,L2,Resolved,1,Y
TKT-00206,ORD-00249,AGENT-803,8/7/2024,8/15/2024,Account,L2,Escalated,1,N
TKT-00207,ORD-00202,AGENT-261,10/9/2024,10/12/2024,Seller,L1,Escalated,1,Y
TKT-00208,ORD-00784,AGENT-378,2/29/2024,3/2/2024,Refund,L1,Resolved,2,N
TKT-00209,ORD-00427,AGENT-760,2/23/2024,2/26/2024,Seller,L2,Pending,2,N
TKT-00210,ORD-00890,AGENT-813,4/26/2024,4/29/2024,Seller,L2,Pending,1,N
TKT-00211,ORD-00992,AGENT-913,6/8/2024,6/11/2024,Logistics,L2,Pending,1,Y
TKT-00212,ORD-00111,AGENT-773,5/1/2024,5/11/2024,Logistics,L2,Resolved,5,Y
TKT-00213,ORD-00412,AGENT-362,5/9/2024,5/19/2024,Return,L2,Pending,5,Y
TKT-00214,ORD-00652,AGENT-377,5/21/2024,5/30/2024,Seller,L1,Pending,1,N
TKT-00215,ORD-00985,AGENT-417,7/30/2024,8/6/2024,Return,L2,Pending,2,Y
TKT-00216,ORD-00223,AGENT-868,2/10/2024,2/10/2024,Return,L1,Escalated,4,N
TKT-00217,ORD-00241,AGENT-341,11/25/2024,11/26/2024,Refund,L2,Escalated,5,N
TKT-00218,ORD-00127,AGENT-132,4/23/2024,5/2/2024,Refund,L1,Escalated,4,Y
TKT-00219,ORD-00913,AGENT-596,10/20/2024,10/25/2024,Refund,L2,Resolved,3,N
TKT-00220,ORD-00014,AGENT-281,10/1/2024,10/7/2024,Account,L1,Escalated,2,N
TKT-00221,ORD-00140,AGENT-110,9/1/2024,9/7/2024,Seller,L1,Resolved,1,Y
TKT-00222,ORD-00252,AGENT-935,3/4/2024,3/14/2024,Logistics,L2,Pending,5,Y
TKT-00223,ORD-00719,AGENT-277,2/19/2024,2/27/2024,Account,L1,Escalated,3,Y
TKT-00224,ORD-00647,AGENT-614,11/27/2024,12/5/2024,Seller,L2,Escalated,3,Y
TKT-00225,ORD-00077,AGENT-391,4/17/2024,4/24/2024,Refund,L1,Pending,2,N
TKT-00226,ORD-00125,AGENT-391,10/11/2024,10/19/2024,Logistics,L2,Resolved,3,Y
TKT-00227,ORD-00439,AGENT-446,9/2/2024,9/10/2024,Refund,L2,Pending,4,Y
TKT-00228,ORD-00295,AGENT-971,3/31/2024,4/9/2024,Return,L2,Pending,5,Y
TKT-00229,ORD-00120,AGENT-146,1/14/2024,1/20/2024,Return,L1,Pending,5,Y
TKT-00230,ORD-00349,AGENT-502,11/24/2024,11/27/2024,Return,L2,Escalated,5,Y
TKT-00231,ORD-00189,AGENT-697,7/2/2024,7/7/2024,Return,L2,Pending,3,N
TKT-00232,ORD-00274,AGENT-692,4/17/2024,4/23/2024,Refund,L1,Pending,1,Y
TKT-00233,ORD-00252,AGENT-855,5/2/2024,5/2/2024,Seller,L1,Resolved,2,N
TKT-00234,ORD-00238,AGENT-391,12/2/2024,12/7/2024,Refund,L2,Escalated,5,N
TKT-00235,ORD-00816,AGENT-640,10/16/2024,10/22/2024,Refund,L1,Escalated,4,Y
TKT-00236,ORD-00947,AGENT-558,11/30/2024,12/10/2024,Refund,L1,Escalated,1,N
TKT-00237,ORD-00365,AGENT-819,10/23/2024,10/30/2024,Return,L2,Escalated,5,N
TKT-00238,ORD-00525,AGENT-513,12/16/2024,12/16/2024,Logistics,L2,Resolved,3,N
TKT-00239,ORD-00547,AGENT-270,8/11/2024,8/18/2024,Account,L2,Pending,1,Y
TKT-00240,ORD-00555,AGENT-487,10/13/2024,10/14/2024,Account,L1,Resolved,5,N
TKT-00241,ORD-00157,AGENT-230,2/25/2024,2/29/2024,Seller,L2,Pending,4,N
TKT-00242,ORD-00691,AGENT-200,10/4/2024,10/6/2024,Seller,L2,Escalated,5,Y
TKT-00243,ORD-00260,AGENT-891,2/24/2024,2/28/2024,Return,L1,Resolved,1,N
TKT-00244,ORD-00317,AGENT-490,6/5/2024,6/5/2024,Return,L2,Pending,1,Y
TKT-00245,ORD-00814,AGENT-323,1/16/2024,1/17/2024,Logistics,L1,Pending,5,N
TKT-00246,ORD-00283,AGENT-776,9/5/2024,9/7/2024,Logistics,L1,Resolved,4,Y
TKT-00247,ORD-00984,AGENT-261,3/9/2024,3/12/2024,Refund,L2,Resolved,2,N
TKT-00248,ORD-00104,AGENT-576,6/4/2024,6/5/2024,Refund,L2,Resolved,5,N
TKT-00249,ORD-00623,AGENT-655,7/15/2024,7/24/2024,Account,L1,Escalated,4,Y
TKT-00250,ORD-00714,AGENT-943,10/18/2024,10/24/2024,Return,L1,Pending,4,N
TKT-00251,ORD-00383,AGENT-883,1/29/2024,1/29/2024,Seller,L1,Pending,2,N
TKT-00252,ORD-00320,AGENT-310,9/23/2024,9/27/2024,Refund,L1,Escalated,1,Y
TKT-00253,ORD-00648,AGENT-691,3/29/2024,4/4/2024,Seller,L2,Escalated,5,N
TKT-00254,ORD-00567,AGENT-259,5/1/2024,5/4/2024,Account,L1,Resolved,3,N
TKT-00255,ORD-00599,AGENT-556,5/5/2024,5/9/2024,Seller,L1,Resolved,5,N
TKT-00256,ORD-00216,AGENT-581,5/4/2024,5/13/2024,Refund,L2,Resolved,2,N
TKT-00257,ORD-00632,AGENT-629,1/14/2024,1/22/2024,Logistics,L1,Pending,3,Y
TKT-00258,ORD-00466,AGENT-224,1/24/2024,1/26/2024,Refund,L1,Escalated,4,Y
TKT-00259,ORD-00352,AGENT-579,11/6/2024,11/14/2024,Logistics,L1,Pending,2,Y
TKT-00260,ORD-00721,AGENT-660,3/23/2024,3/28/2024,Return,L1,Escalated,5,Y
TKT-00261,ORD-00261,AGENT-307,6/1/2024,6/9/2024,Account,L2,Escalated,2,Y
TKT-00262,ORD-00293,AGENT-291,10/2/2024,10/12/2024,Refund,L1,Escalated,3,N
TKT-00263,ORD-00787,AGENT-458,2/3/2024,2/3/2024,Account,L1,Resolved,2,Y
TKT-00264,ORD-00710,AGENT-328,8/11/2024,8/19/2024,Account,L2,Escalated,3,N
TKT-00265,ORD-00409,AGENT-921,8/14/2024,8/22/2024,Account,L2,Escalated,4,N
TKT-00266,ORD-00848,AGENT-601,7/27/2024,8/1/2024,Account,L1,Pending,3,N
TKT-00267,ORD-00965,AGENT-291,11/10/2024,11/18/2024,Refund,L2,Resolved,4,N
TKT-00268,ORD-00711,AGENT-624,3/25/2024,3/25/2024,Account,L1,Escalated,2,N
TKT-00269,ORD-00533,AGENT-559,7/26/2024,7/28/2024,Logistics,L2,Resolved,1,N
TKT-00270,ORD-00816,AGENT-542,2/2/2024,2/6/2024,Logistics,L2,Pending,1,N
TKT-00271,ORD-00942,AGENT-638,2/27/2024,3/1/2024,Seller,L2,Escalated,4,Y
TKT-00272,ORD-00021,AGENT-849,3/20/2024,3/24/2024,Seller,L2,Escalated,3,Y
TKT-00273,ORD-00019,AGENT-909,2/19/2024,2/22/2024,Logistics,L1,Resolved,3,Y
TKT-00274,ORD-00846,AGENT-717,9/12/2024,9/17/2024,Seller,L1,Escalated,5,Y
TKT-00275,ORD-00391,AGENT-341,9/30/2024,10/7/2024,Return,L2,Resolved,4,N
TKT-00276,ORD-00143,AGENT-551,7/14/2024,7/23/2024,Seller,L1,Escalated,3,Y
TKT-00277,ORD-00769,AGENT-802,12/18/2024,12/19/2024,Logistics,L1,Pending,4,Y
TKT-00278,ORD-00085,AGENT-113,10/17/2024,10/27/2024,Return,L1,Escalated,4,N
TKT-00279,ORD-00472,AGENT-181,2/10/2024,2/15/2024,Return,L2,Escalated,5,N
TKT-00280,ORD-00596,AGENT-370,5/27/2024,5/27/2024,Refund,L1,Resolved,3,N
TKT-00281,ORD-00545,AGENT-617,5/30/2024,6/1/2024,Return,L2,Pending,1,Y
TKT-00282,ORD-00658,AGENT-869,3/15/2024,3/16/2024,Account,L2,Pending,4,N
TKT-00283,ORD-00560,AGENT-505,5/8/2024,5/17/2024,Logistics,L1,Pending,2,Y
TKT-00284,ORD-00721,AGENT-331,2/20/2024,2/28/2024,Account,L1,Escalated,5,N
TKT-00285,ORD-00461,AGENT-649,5/2/2024,5/12/2024,Return,L1,Resolved,1,N
TKT-00286,ORD-00633,AGENT-510,2/27/2024,2/29/2024,Return,L2,Pending,3,Y
TKT-00287,ORD-00637,AGENT-374,4/12/2024,4/17/2024,Return,L2,Pending,1,N
TKT-00288,ORD-00240,AGENT-514,1/24/2024,1/28/2024,Return,L2,Resolved,4,N
TKT-00289,ORD-00255,AGENT-980,8/24/2024,8/31/2024,Seller,L2,Escalated,5,N
TKT-00290,ORD-00905,AGENT-949,11/21/2024,12/1/2024,Account,L2,Pending,2,Y
TKT-00291,ORD-00226,AGENT-982,7/9/2024,7/10/2024,Account,L2,Pending,1,Y
TKT-00292,ORD-00945,AGENT-944,6/8/2024,6/16/2024,Account,L1,Resolved,2,Y
TKT-00293,ORD-00205,AGENT-293,9/12/2024,9/17/2024,Seller,L2,Resolved,5,N
TKT-00294,ORD-00213,AGENT-645,9/16/2024,9/21/2024,Return,L2,Pending,2,Y
TKT-00295,ORD-00708,AGENT-453,8/8/2024,8/16/2024,Seller,L1,Pending,3,N
TKT-00296,ORD-00092,AGENT-573,6/11/2024,6/12/2024,Refund,L1,Pending,4,Y
TKT-00297,ORD-00688,AGENT-184,6/17/2024,6/20/2024,Account,L2,Resolved,1,N
TKT-00298,ORD-00186,AGENT-247,4/3/2024,4/10/2024,Return,L2,Pending,1,Y
TKT-00299,ORD-00787,AGENT-157,12/6/2024,12/11/2024,Refund,L2,Pending,5,N
TKT-00300,ORD-00828,AGENT-604,9/21/2024,9/24/2024,Return,L1,Resolved,4,N
TKT-00301,ORD-00633,AGENT-360,11/18/2024,11/22/2024,Logistics,L1,Pending,4,N
TKT-00302,ORD-00856,AGENT-542,12/18/2024,12/26/2024,Logistics,L2,Resolved,1,N
TKT-00303,ORD-00052,AGENT-795,7/11/2024,7/21/2024,Account,L1,Escalated,4,Y
TKT-00304,ORD-00777,AGENT-370,8/4/2024,8/5/2024,Account,L1,Resolved,3,N
TKT-00305,ORD-00430,AGENT-768,8/3/2024,8/8/2024,Return,L1,Resolved,2,Y
TKT-00306,ORD-00782,AGENT-584,10/5/2024,10/14/2024,Logistics,L1,Pending,1,N
TKT-00307,ORD-00426,AGENT-487,8/17/2024,8/19/2024,Logistics,L2,Resolved,4,N
TKT-00308,ORD-01000,AGENT-909,11/7/2024,11/14/2024,Account,L2,Escalated,4,Y
TKT-00309,ORD-00858,AGENT-606,2/5/2024,2/8/2024,Seller,L1,Pending,3,N
TKT-00310,ORD-00064,AGENT-512,7/6/2024,7/16/2024,Return,L1,Pending,3,Y
TKT-00311,ORD-00531,AGENT-802,5/8/2024,5/11/2024,Logistics,L2,Escalated,3,Y
TKT-00312,ORD-00275,AGENT-282,6/13/2024,6/14/2024,Seller,L2,Pending,3,Y
TKT-00313,ORD-00710,AGENT-532,9/19/2024,9/29/2024,Seller,L2,Pending,4,N
TKT-00314,ORD-00761,AGENT-870,2/8/2024,2/12/2024,Return,L1,Pending,2,N
TKT-00315,ORD-00063,AGENT-742,4/7/2024,4/7/2024,Account,L1,Resolved,1,N
TKT-00316,ORD-00673,AGENT-848,6/6/2024,6/13/2024,Return,L1,Escalated,1,N
TKT-00317,ORD-00488,AGENT-159,10/14/2024,10/15/2024,Account,L1,Resolved,2,Y
TKT-00318,ORD-00967,AGENT-678,2/8/2024,2/18/2024,Refund,L2,Resolved,5,Y
TKT-00319,ORD-00892,AGENT-875,1/20/2024,1/22/2024,Logistics,L2,Resolved,4,N
TKT-00320,ORD-00219,AGENT-441,4/18/2024,4/18/2024,Account,L2,Escalated,3,N
TKT-00321,ORD-00986,AGENT-487,8/22/2024,8/29/2024,Refund,L2,Escalated,5,N
TKT-00322,ORD-00768,AGENT-194,2/4/2024,2/12/2024,Logistics,L2,Resolved,4,Y
TKT-00323,ORD-00036,AGENT-894,10/18/2024,10/25/2024,Logistics,L2,Escalated,1,N
TKT-00324,ORD-00158,AGENT-657,2/20/2024,2/25/2024,Refund,L1,Pending,4,Y
TKT-00325,ORD-00424,AGENT-412,5/11/2024,5/19/2024,Refund,L2,Escalated,3,Y
TKT-00326,ORD-00322,AGENT-607,2/25/2024,3/6/2024,Account,L2,Escalated,5,Y
TKT-00327,ORD-00776,AGENT-566,12/19/2024,12/24/2024,Seller,L1,Resolved,1,N
TKT-00328,ORD-00836,AGENT-417,3/24/2024,3/27/2024,Account,L1,Pending,1,Y
TKT-00329,ORD-00131,AGENT-982,7/17/2024,7/26/2024,Seller,L1,Escalated,1,N
TKT-00330,ORD-00219,AGENT-593,4/30/2024,5/10/2024,Logistics,L2,Resolved,1,Y
TKT-00331,ORD-00368,AGENT-770,3/15/2024,3/17/2024,Logistics,L1,Escalated,4,N
TKT-00332,ORD-00175,AGENT-569,10/29/2024,10/29/2024,Logistics,L2,Pending,4,N
TKT-00333,ORD-00012,AGENT-733,11/29/2024,12/5/2024,Refund,L2,Pending,2,N
TKT-00334,ORD-00540,AGENT-872,1/29/2024,2/1/2024,Refund,L1,Resolved,5,Y
TKT-00335,ORD-00757,AGENT-571,2/12/2024,2/15/2024,Logistics,L1,Escalated,3,Y
TKT-00336,ORD-00743,AGENT-435,4/28/2024,5/8/2024,Seller,L2,Escalated,5,Y
TKT-00337,ORD-00758,AGENT-935,5/5/2024,5/15/2024,Refund,L2,Pending,3,Y
TKT-00338,ORD-00180,AGENT-699,3/24/2024,4/3/2024,Refund,L2,Pending,5,Y
TKT-00339,ORD-00601,AGENT-964,9/18/2024,9/25/2024,Seller,L1,Resolved,5,Y
TKT-00340,ORD-00971,AGENT-963,1/28/2024,1/29/2024,Logistics,L2,Pending,4,N
TKT-00341,ORD-00476,AGENT-773,11/29/2024,12/8/2024,Seller,L1,Pending,4,Y
TKT-00342,ORD-00642,AGENT-710,2/11/2024,2/13/2024,Seller,L2,Resolved,3,Y
TKT-00343,ORD-00842,AGENT-739,2/24/2024,3/3/2024,Return,L1,Escalated,1,Y
TKT-00344,ORD-00845,AGENT-751,4/20/2024,4/22/2024,Return,L2,Escalated,1,Y
TKT-00345,ORD-00873,AGENT-251,8/21/2024,8/23/2024,Refund,L2,Resolved,1,Y
TKT-00346,ORD-00806,AGENT-149,1/21/2024,1/27/2024,Seller,L2,Pending,4,Y
TKT-00347,ORD-00776,AGENT-747,12/2/2024,12/5/2024,Account,L2,Escalated,3,Y
TKT-00348,ORD-00510,AGENT-634,5/24/2024,6/3/2024,Return,L1,Escalated,3,Y
TKT-00349,ORD-00949,AGENT-321,7/18/2024,7/22/2024,Seller,L2,Pending,3,Y
TKT-00350,ORD-00701,AGENT-612,9/25/2024,10/3/2024,Account,L1,Pending,3,Y
TKT-00351,ORD-00278,AGENT-738,2/7/2024,2/14/2024,Account,L1,Pending,1,N
TKT-00352,ORD-00061,AGENT-922,9/19/2024,9/22/2024,Logistics,L2,Escalated,1,Y
TKT-00353,ORD-00178,AGENT-812,10/1/2024,10/1/2024,Refund,L2,Resolved,5,N
TKT-00354,ORD-00467,AGENT-322,8/9/2024,8/15/2024,Logistics,L2,Resolved,3,Y
TKT-00355,ORD-00364,AGENT-157,10/26/2024,10/31/2024,Refund,L2,Escalated,2,Y
TKT-00356,ORD-00857,AGENT-440,4/15/2024,4/18/2024,Return,L2,Pending,1,Y
TKT-00357,ORD-00810,AGENT-945,8/22/2024,8/30/2024,Refund,L1,Escalated,3,N
TKT-00358,ORD-00518,AGENT-601,8/1/2024,8/11/2024,Return,L1,Pending,1,Y
TKT-00359,ORD-00473,AGENT-516,11/15/2024,11/21/2024,Return,L1,Pending,4,N
TKT-00360,ORD-00112,AGENT-733,2/10/2024,2/20/2024,Seller,L2,Resolved,3,Y
TKT-00361,ORD-00981,AGENT-621,12/23/2024,12/27/2024,Logistics,L2,Resolved,2,Y
TKT-00362,ORD-00069,AGENT-242,12/27/2024,1/4/2025,Return,L1,Escalated,3,Y
TKT-00363,ORD-00769,AGENT-656,5/9/2024,5/14/2024,Seller,L1,Escalated,3,Y
TKT-00364,ORD-00849,AGENT-426,3/12/2024,3/15/2024,Seller,L2,Resolved,5,Y
TKT-00365,ORD-00700,AGENT-404,5/16/2024,5/22/2024,Seller,L2,Escalated,1,Y
TKT-00366,ORD-00346,AGENT-920,4/30/2024,5/9/2024,Logistics,L2,Pending,5,Y
TKT-00367,ORD-00819,AGENT-503,10/20/2024,10/26/2024,Return,L1,Pending,3,N
TKT-00368,ORD-00271,AGENT-415,8/26/2024,8/31/2024,Seller,L1,Resolved,2,Y
TKT-00369,ORD-00356,AGENT-599,4/20/2024,4/25/2024,Return,L2,Pending,3,N
TKT-00370,ORD-00360,AGENT-376,4/20/2024,4/26/2024,Return,L1,Escalated,2,Y
TKT-00371,ORD-00296,AGENT-787,5/1/2024,5/5/2024,Logistics,L2,Resolved,3,N
TKT-00372,ORD-00735,AGENT-873,12/19/2024,12/21/2024,Account,L2,Pending,4,Y
TKT-00373,ORD-00742,AGENT-970,7/3/2024,7/6/2024,Refund,L2,Pending,1,N
TKT-00374,ORD-00560,AGENT-792,5/16/2024,5/20/2024,Refund,L2,Resolved,2,N
TKT-00375,ORD-00367,AGENT-492,4/22/2024,4/22/2024,Refund,L2,Pending,2,Y
TKT-00376,ORD-00242,AGENT-881,3/30/2024,4/8/2024,Refund,L1,Resolved,2,N
TKT-00377,ORD-00969,AGENT-856,5/22/2024,5/27/2024,Account,L2,Resolved,4,Y
TKT-00378,ORD-00742,AGENT-106,9/28/2024,10/6/2024,Seller,L1,Resolved,2,N
TKT-00379,ORD-00202,AGENT-563,3/23/2024,3/29/2024,Return,L1,Resolved,1,N
TKT-00380,ORD-00068,AGENT-744,2/6/2024,2/6/2024,Return,L2,Resolved,4,Y
TKT-00381,ORD-00156,AGENT-599,11/11/2024,11/21/2024,Refund,L1,Pending,4,Y
TKT-00382,ORD-00609,AGENT-368,4/1/2024,4/9/2024,Return,L2,Escalated,2,N
TKT-00383,ORD-00598,AGENT-697,5/19/2024,5/20/2024,Logistics,L1,Escalated,4,Y
TKT-00384,ORD-00570,AGENT-252,4/17/2024,4/19/2024,Account,L2,Resolved,2,N
TKT-00385,ORD-00781,AGENT-765,4/16/2024,4/24/2024,Logistics,L1,Escalated,4,N
TKT-00386,ORD-00612,AGENT-967,4/12/2024,4/12/2024,Account,L2,Pending,1,Y
TKT-00387,ORD-00485,AGENT-125,10/4/2024,10/4/2024,Refund,L2,Escalated,2,Y
TKT-00388,ORD-00181,AGENT-179,8/29/2024,9/8/2024,Refund,L2,Resolved,2,N
TKT-00389,ORD-00473,AGENT-412,5/24/2024,5/30/2024,Seller,L2,Escalated,1,N
TKT-00390,ORD-00060,AGENT-712,12/18/2024,12/27/2024,Logistics,L2,Escalated,3,N
TKT-00391,ORD-00801,AGENT-209,5/22/2024,5/22/2024,Seller,L2,Escalated,4,Y
TKT-00392,ORD-00306,AGENT-858,1/1/2024,1/9/2024,Logistics,L1,Escalated,5,Y
TKT-00393,ORD-00502,AGENT-409,1/21/2024,1/31/2024,Logistics,L2,Pending,2,Y
TKT-00394,ORD-00520,AGENT-163,1/19/2024,1/21/2024,Return,L1,Escalated,3,Y
TKT-00395,ORD-00416,AGENT-429,7/21/2024,7/26/2024,Refund,L1,Pending,4,N
TKT-00396,ORD-00756,AGENT-443,2/6/2024,2/9/2024,Logistics,L1,Resolved,3,N
TKT-00397,ORD-00694,AGENT-362,1/24/2024,1/30/2024,Return,L1,Pending,4,N
TKT-00398,ORD-00403,AGENT-993,8/27/2024,8/29/2024,Logistics,L2,Resolved,3,N
TKT-00399,ORD-00561,AGENT-817,6/9/2024,6/19/2024,Account,L1,Resolved,1,N
TKT-00400,ORD-00596,AGENT-238,6/15/2024,6/25/2024,Seller,L1,Pending,1,N
TKT-00401,ORD-00496,AGENT-809,5/25/2024,5/27/2024,Refund,L1,Pending,4,Y
TKT-00402,ORD-00281,AGENT-927,7/10/2024,7/17/2024,Account,L1,Pending,2,Y
TKT-00403,ORD-00038,AGENT-139,4/2/2024,4/10/2024,Seller,L2,Resolved,1,N
TKT-00404,ORD-00127,AGENT-590,11/13/2024,11/15/2024,Return,L1,Escalated,1,N
TKT-00405,ORD-00088,AGENT-919,8/3/2024,8/10/2024,Return,L1,Pending,3,Y
TKT-00406,ORD-00593,AGENT-514,10/13/2024,10/17/2024,Account,L1,Resolved,4,N
TKT-00407,ORD-00385,AGENT-427,3/27/2024,4/6/2024,Refund,L2,Escalated,5,N
TKT-00408,ORD-00124,AGENT-401,5/21/2024,5/28/2024,Seller,L1,Pending,2,Y
TKT-00409,ORD-00281,AGENT-854,3/9/2024,3/10/2024,Return,L1,Resolved,1,N
TKT-00410,ORD-00431,AGENT-954,12/22/2024,1/1/2025,Account,L2,Pending,5,Y
TKT-00411,ORD-00346,AGENT-951,8/13/2024,8/19/2024,Return,L1,Pending,5,N
TKT-00412,ORD-00620,AGENT-357,12/11/2024,12/15/2024,Logistics,L2,Escalated,2,N
TKT-00413,ORD-00882,AGENT-605,3/3/2024,3/8/2024,Seller,L2,Resolved,1,N
TKT-00414,ORD-00236,AGENT-684,11/11/2024,11/19/2024,Refund,L1,Resolved,3,N
TKT-00415,ORD-00648,AGENT-304,6/12/2024,6/19/2024,Seller,L1,Pending,4,N
TKT-00416,ORD-00542,AGENT-927,7/12/2024,7/17/2024,Refund,L1,Resolved,1,N
TKT-00417,ORD-00876,AGENT-187,6/17/2024,6/24/2024,Return,L2,Resolved,4,Y
TKT-00418,ORD-00229,AGENT-668,8/15/2024,8/15/2024,Refund,L2,Escalated,2,N
TKT-00419,ORD-00175,AGENT-632,7/23/2024,7/25/2024,Seller,L2,Escalated,2,N
TKT-00420,ORD-00623,AGENT-353,4/2/2024,4/8/2024,Return,L1,Resolved,2,Y
TKT-00421,ORD-00846,AGENT-551,5/20/2024,5/23/2024,Refund,L2,Escalated,4,Y
TKT-00422,ORD-00943,AGENT-850,6/21/2024,6/22/2024,Seller,L1,Pending,1,Y
TKT-00423,ORD-00250,AGENT-131,7/10/2024,7/16/2024,Refund,L2,Resolved,5,Y
TKT-00424,ORD-00834,AGENT-982,5/4/2024,5/4/2024,Logistics,L1,Escalated,3,Y
TKT-00425,ORD-00119,AGENT-245,2/15/2024,2/15/2024,Account,L1,Pending,4,N
TKT-00426,ORD-00081,AGENT-452,1/28/2024,2/6/2024,Account,L2,Pending,1,N
TKT-00427,ORD-00376,AGENT-165,12/30/2024,1/1/2025,Logistics,L2,Pending,4,Y
TKT-00428,ORD-00662,AGENT-163,3/29/2024,4/2/2024,Refund,L2,Resolved,2,N
TKT-00429,ORD-00270,AGENT-199,10/23/2024,10/29/2024,Account,L1,Resolved,3,Y
TKT-00430,ORD-00847,AGENT-828,9/2/2024,9/3/2024,Return,L1,Escalated,5,N
TKT-00431,ORD-00981,AGENT-878,4/9/2024,4/15/2024,Seller,L1,Pending,5,Y
TKT-00432,ORD-00393,AGENT-143,6/1/2024,6/4/2024,Account,L1,Resolved,1,N
TKT-00433,ORD-00743,AGENT-113,5/12/2024,5/20/2024,Account,L1,Pending,1,N
TKT-00434,ORD-00677,AGENT-422,10/25/2024,11/1/2024,Refund,L2,Escalated,4,Y
TKT-00435,ORD-00922,AGENT-299,3/25/2024,4/3/2024,Seller,L2,Resolved,1,Y
TKT-00436,ORD-00844,AGENT-866,7/1/2024,7/11/2024,Refund,L2,Escalated,5,Y
TKT-00437,ORD-00782,AGENT-708,6/27/2024,7/6/2024,Logistics,L1,Resolved,3,Y
TKT-00438,ORD-00147,AGENT-132,6/16/2024,6/16/2024,Seller,L2,Escalated,5,Y
TKT-00439,ORD-00676,AGENT-965,5/14/2024,5/21/2024,Seller,L1,Resolved,2,Y
TKT-00440,ORD-00071,AGENT-757,7/17/2024,7/19/2024,Account,L2,Escalated,1,Y
TKT-00441,ORD-00791,AGENT-575,5/16/2024,5/25/2024,Logistics,L1,Escalated,3,N
TKT-00442,ORD-00903,AGENT-505,10/8/2024,10/9/2024,Seller,L2,Pending,5,N
TKT-00443,ORD-00750,AGENT-831,2/13/2024,2/18/2024,Refund,L1,Resolved,1,Y
TKT-00444,ORD-00207,AGENT-218,10/25/2024,10/31/2024,Refund,L2,Resolved,5,Y
TKT-00445,ORD-00011,AGENT-359,3/7/2024,3/7/2024,Refund,L1,Resolved,5,Y
TKT-00446,ORD-00805,AGENT-285,3/28/2024,4/6/2024,Account,L2,Escalated,2,N
TKT-00447,ORD-00884,AGENT-241,2/16/2024,2/19/2024,Return,L2,Resolved,2,Y
TKT-00448,ORD-00631,AGENT-527,7/15/2024,7/17/2024,Logistics,L2,Resolved,4,Y
TKT-00449,ORD-00499,AGENT-302,12/31/2024,1/5/2025,Logistics,L1,Pending,4,N
TKT-00450,ORD-00921,AGENT-781,10/31/2024,11/4/2024,Refund,L2,Resolved,2,N
TKT-00451,ORD-00794,AGENT-393,7/29/2024,7/29/2024,Return,L1,Resolved,4,Y
TKT-00452,ORD-00627,AGENT-405,1/15/2024,1/25/2024,Account,L2,Pending,4,N
TKT-00453,ORD-00004,AGENT-599,3/4/2024,3/10/2024,Logistics,L1,Escalated,5,N
TKT-00454,ORD-00246,AGENT-676,7/10/2024,7/12/2024,Logistics,L2,Escalated,4,N
TKT-00455,ORD-00208,AGENT-386,10/3/2024,10/3/2024,Account,L1,Escalated,1,N
TKT-00456,ORD-00745,AGENT-936,2/5/2024,2/8/2024,Refund,L2,Escalated,1,Y
TKT-00457,ORD-00558,AGENT-889,5/10/2024,5/19/2024,Account,L1,Escalated,2,Y
TKT-00458,ORD-00944,AGENT-440,6/28/2024,7/3/2024,Refund,L2,Pending,5,Y
TKT-00459,ORD-00012,AGENT-785,4/28/2024,5/1/2024,Seller,L2,Pending,3,Y
TKT-00460,ORD-00909,AGENT-469,7/12/2024,7/21/2024,Account,L2,Escalated,4,Y
TKT-00461,ORD-00149,AGENT-821,2/24/2024,2/28/2024,Account,L1,Resolved,3,N
TKT-00462,ORD-00903,AGENT-249,11/16/2024,11/17/2024,Account,L2,Resolved,1,Y
TKT-00463,ORD-00692,AGENT-959,3/20/2024,3/28/2024,Logistics,L1,Escalated,5,N
TKT-00464,ORD-00347,AGENT-674,11/7/2024,11/13/2024,Refund,L1,Pending,3,N
TKT-00465,ORD-00737,AGENT-504,4/20/2024,4/25/2024,Account,L1,Resolved,5,N
TKT-00466,ORD-00224,AGENT-464,12/14/2024,12/21/2024,Return,L1,Resolved,4,N
TKT-00467,ORD-00898,AGENT-162,6/9/2024,6/17/2024,Return,L2,Pending,3,Y
TKT-00468,ORD-00633,AGENT-232,5/23/2024,6/2/2024,Logistics,L1,Pending,3,N
TKT-00469,ORD-00210,AGENT-988,4/12/2024,4/16/2024,Seller,L2,Pending,4,N
TKT-00470,ORD-00967,AGENT-532,8/22/2024,8/31/2024,Seller,L2,Resolved,3,N
TKT-00471,ORD-00387,AGENT-625,11/29/2024,12/1/2024,Seller,L1,Escalated,2,Y
TKT-00472,ORD-00111,AGENT-837,5/19/2024,5/22/2024,Return,L1,Resolved,1,Y
TKT-00473,ORD-00601,AGENT-950,10/3/2024,10/12/2024,Logistics,L1,Escalated,2,Y
TKT-00474,ORD-00144,AGENT-794,1/18/2024,1/20/2024,Return,L2,Resolved,1,Y
TKT-00475,ORD-00741,AGENT-545,12/17/2024,12/18/2024,Account,L1,Resolved,2,N
TKT-00476,ORD-00091,AGENT-877,7/7/2024,7/17/2024,Logistics,L1,Pending,2,Y
TKT-00477,ORD-00129,AGENT-369,12/12/2024,12/14/2024,Account,L2,Pending,1,N
TKT-00478,ORD-00344,AGENT-224,2/24/2024,3/4/2024,Seller,L2,Resolved,2,N
TKT-00479,ORD-00525,AGENT-658,5/18/2024,5/18/2024,Account,L2,Pending,5,Y
TKT-00480,ORD-00672,AGENT-357,7/14/2024,7/14/2024,Return,L2,Escalated,2,N
TKT-00481,ORD-00302,AGENT-225,4/21/2024,4/27/2024,Account,L2,Escalated,1,Y
TKT-00482,ORD-00577,AGENT-445,7/14/2024,7/24/2024,Return,L2,Pending,5,Y
TKT-00483,ORD-00762,AGENT-903,7/5/2024,7/5/2024,Refund,L1,Escalated,4,N
TKT-00484,ORD-00793,AGENT-969,10/8/2024,10/11/2024,Seller,L2,Escalated,3,Y
TKT-00485,ORD-00488,AGENT-474,2/8/2024,2/16/2024,Return,L2,Resolved,3,N
TKT-00486,ORD-00061,AGENT-953,10/5/2024,10/14/2024,Account,L2,Escalated,4,N
TKT-00487,ORD-00438,AGENT-393,6/15/2024,6/19/2024,Seller,L2,Resolved,5,N
TKT-00488,ORD-00554,AGENT-176,3/22/2024,3/31/2024,Seller,L1,Resolved,1,Y
TKT-00489,ORD-00897,AGENT-272,5/4/2024,5/6/2024,Refund,L1,Escalated,5,Y
TKT-00490,ORD-00376,AGENT-167,12/3/2024,12/4/2024,Seller,L2,Escalated,1,N
TKT-00491,ORD-00627,AGENT-208,3/7/2024,3/15/2024,Account,L2,Escalated,3,Y
TKT-00492,ORD-00069,AGENT-593,11/18/2024,11/28/2024,Return,L2,Escalated,2,Y
TKT-00493,ORD-00015,AGENT-152,11/10/2024,11/13/2024,Seller,L1,Escalated,2,N
TKT-00494,ORD-00907,AGENT-986,3/27/2024,3/29/2024,Refund,L2,Resolved,2,Y
TKT-00495,ORD-00386,AGENT-291,10/8/2024,10/10/2024,Refund,L2,Escalated,1,N
TKT-00496,ORD-00025,AGENT-480,11/24/2024,12/3/2024,Seller,L1,Escalated,5,Y
TKT-00497,ORD-00276,AGENT-680,2/25/2024,3/4/2024,Logistics,L1,Escalated,2,N
TKT-00498,ORD-00575,AGENT-361,9/23/2024,9/29/2024,Seller,L1,Escalated,4,Y
TKT-00499,ORD-00154,AGENT-857,10/4/2024,10/6/2024,Seller,L2,Resolved,3,Y
TKT-00500,ORD-00535,AGENT-777,7/5/2024,7/14/2024,Seller,L1,Pending,4,Y
TKT-00501,ORD-00030,AGENT-254,1/19/2024,1/24/2024,Refund,L1,Pending,3,N
TKT-00502,ORD-00046,AGENT-468,8/17/2024,8/23/2024,Account,L2,Escalated,2,Y
TKT-00503,ORD-00961,AGENT-433,12/31/2024,1/6/2025,Account,L1,Escalated,5,N
TKT-00504,ORD-00183,AGENT-648,9/1/2024,9/1/2024,Seller,L1,Escalated,3,N
TKT-00505,ORD-00199,AGENT-460,12/26/2024,12/28/2024,Seller,L2,Escalated,1,Y
TKT-00506,ORD-00488,AGENT-179,8/30/2024,9/3/2024,Logistics,L1,Resolved,1,N
TKT-00507,ORD-00567,AGENT-657,4/3/2024,4/12/2024,Refund,L2,Escalated,2,Y
TKT-00508,ORD-00558,AGENT-942,11/12/2024,11/18/2024,Refund,L2,Escalated,1,N
TKT-00509,ORD-00540,AGENT-261,1/17/2024,1/25/2024,Refund,L2,Pending,3,Y
TKT-00510,ORD-00604,AGENT-177,12/21/2024,12/24/2024,Refund,L2,Resolved,4,N
TKT-00511,ORD-00501,AGENT-128,3/4/2024,3/4/2024,Logistics,L2,Pending,3,N
TKT-00512,ORD-00269,AGENT-118,3/2/2024,3/10/2024,Account,L2,Resolved,2,N
TKT-00513,ORD-00074,AGENT-366,5/11/2024,5/18/2024,Account,L1,Escalated,3,Y
TKT-00514,ORD-00950,AGENT-696,4/15/2024,4/15/2024,Return,L1,Escalated,4,Y
TKT-00515,ORD-00431,AGENT-400,12/9/2024,12/18/2024,Seller,L2,Resolved,2,N
TKT-00516,ORD-00310,AGENT-712,3/16/2024,3/26/2024,Seller,L1,Resolved,2,N
TKT-00517,ORD-00528,AGENT-616,3/20/2024,3/29/2024,Refund,L2,Pending,3,Y
TKT-00518,ORD-00643,AGENT-417,12/1/2024,12/9/2024,Refund,L1,Pending,2,Y
TKT-00519,ORD-00906,AGENT-751,6/5/2024,6/10/2024,Return,L2,Resolved,3,Y
TKT-00520,ORD-00507,AGENT-438,11/22/2024,11/29/2024,Return,L2,Resolved,3,N
TKT-00521,ORD-00420,AGENT-146,4/7/2024,4/14/2024,Account,L2,Pending,3,Y
TKT-00522,ORD-00575,AGENT-267,3/26/2024,3/30/2024,Logistics,L1,Escalated,3,Y
TKT-00523,ORD-00528,AGENT-980,5/18/2024,5/18/2024,Refund,L1,Resolved,5,N
TKT-00524,ORD-00612,AGENT-792,3/20/2024,3/23/2024,Return,L2,Resolved,5,N
TKT-00525,ORD-00987,AGENT-583,7/12/2024,7/13/2024,Logistics,L2,Escalated,3,Y
TKT-00526,ORD-00300,AGENT-903,2/17/2024,2/24/2024,Account,L1,Escalated,3,Y
TKT-00527,ORD-00712,AGENT-720,1/14/2024,1/22/2024,Refund,L2,Pending,2,Y
TKT-00528,ORD-00625,AGENT-126,4/17/2024,4/24/2024,Logistics,L2,Resolved,4,Y
TKT-00529,ORD-00562,AGENT-867,4/26/2024,5/2/2024,Logistics,L1,Resolved,3,N
TKT-00530,ORD-00330,AGENT-222,4/15/2024,4/17/2024,Account,L1,Resolved,3,N
TKT-00531,ORD-00775,AGENT-643,3/31/2024,4/3/2024,Return,L2,Escalated,2,Y
TKT-00532,ORD-00386,AGENT-860,11/15/2024,11/23/2024,Seller,L2,Resolved,2,Y
TKT-00533,ORD-00791,AGENT-780,7/6/2024,7/15/2024,Refund,L2,Escalated,1,Y
TKT-00534,ORD-00055,AGENT-632,9/22/2024,9/23/2024,Seller,L2,Pending,1,N
TKT-00535,ORD-00681,AGENT-472,8/8/2024,8/10/2024,Seller,L2,Escalated,2,N
TKT-00536,ORD-00693,AGENT-777,11/10/2024,11/12/2024,Seller,L2,Escalated,3,Y
TKT-00537,ORD-00832,AGENT-469,5/22/2024,5/29/2024,Account,L1,Resolved,1,N
TKT-00538,ORD-00541,AGENT-344,2/8/2024,2/8/2024,Account,L2,Pending,4,N
TKT-00539,ORD-00145,AGENT-532,10/9/2024,10/13/2024,Refund,L1,Escalated,4,N
TKT-00540,ORD-00078,AGENT-534,12/15/2024,12/20/2024,Seller,L2,Resolved,4,N
TKT-00541,ORD-00629,AGENT-906,4/9/2024,4/11/2024,Seller,L1,Escalated,1,Y
TKT-00542,ORD-00639,AGENT-157,2/25/2024,2/28/2024,Account,L1,Pending,1,N
TKT-00543,ORD-00954,AGENT-140,11/22/2024,11/28/2024,Seller,L1,Resolved,1,N
TKT-00544,ORD-00938,AGENT-707,4/27/2024,4/27/2024,Account,L1,Pending,3,Y
TKT-00545,ORD-00473,AGENT-251,11/20/2024,11/23/2024,Refund,L1,Escalated,2,N
TKT-00546,ORD-00528,AGENT-366,10/16/2024,10/22/2024,Return,L1,Pending,4,N
TKT-00547,ORD-00945,AGENT-497,3/21/2024,3/31/2024,Logistics,L2,Pending,3,N
TKT-00548,ORD-00378,AGENT-519,9/1/2024,9/6/2024,Logistics,L1,Resolved,1,Y
TKT-00549,ORD-00107,AGENT-433,8/7/2024,8/8/2024,Seller,L1,Resolved,4,Y
TKT-00550,ORD-00197,AGENT-262,4/9/2024,4/16/2024,Account,L2,Pending,2,Y
TKT-00551,ORD-00532,AGENT-319,6/20/2024,6/23/2024,Seller,L2,Escalated,5,N
TKT-00552,ORD-00818,AGENT-861,4/8/2024,4/13/2024,Return,L1,Escalated,5,N
TKT-00553,ORD-00602,AGENT-359,3/10/2024,3/20/2024,Account,L2,Escalated,1,N
TKT-00554,ORD-00063,AGENT-231,2/15/2024,2/19/2024,Refund,L2,Resolved,5,N
TKT-00555,ORD-00617,AGENT-590,6/21/2024,6/24/2024,Refund,L1,Resolved,5,Y
TKT-00556,ORD-00594,AGENT-479,9/5/2024,9/13/2024,Logistics,L1,Resolved,1,N
TKT-00557,ORD-00824,AGENT-956,6/15/2024,6/23/2024,Account,L2,Resolved,2,Y
TKT-00558,ORD-00324,AGENT-409,3/19/2024,3/23/2024,Return,L2,Resolved,3,N
TKT-00559,ORD-00075,AGENT-755,4/29/2024,5/5/2024,Return,L1,Escalated,4,Y
TKT-00560,ORD-00757,AGENT-122,2/23/2024,2/28/2024,Refund,L2,Resolved,3,Y
TKT-00561,ORD-00521,AGENT-335,4/26/2024,5/3/2024,Return,L2,Escalated,2,N
TKT-00562,ORD-00403,AGENT-387,6/25/2024,6/25/2024,Logistics,L2,Escalated,4,Y
TKT-00563,ORD-00045,AGENT-626,12/27/2024,1/2/2025,Seller,L1,Pending,1,Y
TKT-00564,ORD-00676,AGENT-290,9/2/2024,9/4/2024,Refund,L1,Pending,2,Y
TKT-00565,ORD-00589,AGENT-770,4/18/2024,4/28/2024,Seller,L1,Resolved,2,N
TKT-00566,ORD-00696,AGENT-138,11/5/2024,11/15/2024,Return,L2,Pending,2,N
TKT-00567,ORD-00451,AGENT-890,2/24/2024,3/1/2024,Return,L1,Resolved,2,Y
TKT-00568,ORD-00561,AGENT-268,6/5/2024,6/12/2024,Refund,L2,Escalated,2,Y
TKT-00569,ORD-00509,AGENT-863,3/8/2024,3/18/2024,Logistics,L1,Escalated,5,N
TKT-00570,ORD-00300,AGENT-579,9/19/2024,9/25/2024,Logistics,L2,Pending,2,Y
TKT-00571,ORD-00350,AGENT-846,11/4/2024,11/14/2024,Account,L1,Resolved,2,N
TKT-00572,ORD-00759,AGENT-914,1/28/2024,2/6/2024,Return,L1,Escalated,1,Y
TKT-00573,ORD-00966,AGENT-710,12/5/2024,12/9/2024,Refund,L2,Pending,5,N
TKT-00574,ORD-00765,AGENT-793,4/6/2024,4/11/2024,Logistics,L1,Resolved,5,N
TKT-00575,ORD-00424,AGENT-947,9/7/2024,9/13/2024,Refund,L2,Pending,2,N
TKT-00576,ORD-00818,AGENT-825,8/28/2024,9/6/2024,Return,L2,Resolved,5,Y
TKT-00577,ORD-00659,AGENT-511,12/24/2024,12/31/2024,Return,L2,Pending,5,N
TKT-00578,ORD-00160,AGENT-757,3/13/2024,3/21/2024,Logistics,L1,Escalated,5,N
TKT-00579,ORD-00738,AGENT-246,3/27/2024,3/28/2024,Return,L2,Pending,3,N
TKT-00580,ORD-00274,AGENT-744,9/13/2024,9/18/2024,Return,L1,Pending,1,Y
TKT-00581,ORD-00665,AGENT-470,8/17/2024,8/27/2024,Logistics,L2,Escalated,2,Y
TKT-00582,ORD-00301,AGENT-627,7/6/2024,7/12/2024,Refund,L1,Escalated,4,Y
TKT-00583,ORD-00840,AGENT-575,9/5/2024,9/5/2024,Logistics,L1,Escalated,5,N
TKT-00584,ORD-00894,AGENT-908,4/8/2024,4/14/2024,Logistics,L1,Escalated,5,Y
TKT-00585,ORD-00364,AGENT-422,8/23/2024,9/2/2024,Seller,L2,Pending,1,N
TKT-00586,ORD-00421,AGENT-932,3/18/2024,3/24/2024,Seller,L1,Pending,3,N
TKT-00587,ORD-00320,AGENT-105,9/23/2024,9/27/2024,Refund,L1,Escalated,1,N
TKT-00588,ORD-00574,AGENT-979,7/9/2024,7/16/2024,Account,L2,Resolved,5,N
TKT-00589,ORD-00473,AGENT-852,7/3/2024,7/11/2024,Account,L2,Pending,5,Y
TKT-00590,ORD-00843,AGENT-206,4/28/2024,5/7/2024,Refund,L2,Resolved,3,Y
TKT-00591,ORD-00047,AGENT-573,11/12/2024,11/14/2024,Account,L2,Escalated,5,Y
TKT-00592,ORD-00221,AGENT-708,1/24/2024,2/2/2024,Refund,L1,Resolved,3,N
TKT-00593,ORD-00854,AGENT-101,11/4/2024,11/7/2024,Logistics,L2,Resolved,5,N
TKT-00594,ORD-00451,AGENT-464,7/3/2024,7/11/2024,Return,L1,Resolved,2,N
TKT-00595,ORD-00223,AGENT-100,6/18/2024,6/26/2024,Refund,L2,Pending,3,Y
TKT-00596,ORD-00479,AGENT-504,8/6/2024,8/9/2024,Refund,L2,Escalated,4,N
TKT-00597,ORD-00976,AGENT-774,12/19/2024,12/27/2024,Seller,L1,Escalated,2,N
TKT-00598,ORD-00601,AGENT-503,10/28/2024,11/5/2024,Logistics,L1,Escalated,4,N
TKT-00599,ORD-00828,AGENT-529,7/5/2024,7/5/2024,Account,L1,Escalated,2,Y
TKT-00600,ORD-00946,AGENT-533,4/6/2024,4/15/2024,Account,L1,Escalated,4,N
TKT-00601,ORD-00726,AGENT-810,2/28/2024,3/3/2024,Account,L2,Resolved,5,N
TKT-00602,ORD-00419,AGENT-420,2/19/2024,2/29/2024,Seller,L1,Resolved,1,Y
TKT-00603,ORD-00259,AGENT-759,8/27/2024,8/30/2024,Refund,L1,Escalated,3,N
TKT-00604,ORD-00666,AGENT-245,9/15/2024,9/20/2024,Refund,L2,Resolved,3,Y
TKT-00605,ORD-00484,AGENT-536,2/19/2024,2/19/2024,Seller,L1,Resolved,5,N
TKT-00606,ORD-00889,AGENT-764,5/25/2024,6/2/2024,Logistics,L1,Resolved,1,N
TKT-00607,ORD-00837,AGENT-509,5/16/2024,5/21/2024,Logistics,L1,Pending,1,N
TKT-00608,ORD-00900,AGENT-475,6/12/2024,6/19/2024,Return,L2,Escalated,2,Y
TKT-00609,ORD-00105,AGENT-160,6/30/2024,7/6/2024,Refund,L1,Resolved,1,N
TKT-00610,ORD-00454,AGENT-229,3/10/2024,3/17/2024,Refund,L1,Pending,3,Y
TKT-00611,ORD-00262,AGENT-695,3/31/2024,4/1/2024,Seller,L1,Pending,5,N
TKT-00612,ORD-00284,AGENT-266,10/6/2024,10/15/2024,Seller,L1,Resolved,5,N
TKT-00613,ORD-00845,AGENT-732,4/13/2024,4/16/2024,Seller,L2,Resolved,5,Y
TKT-00614,ORD-00338,AGENT-934,8/8/2024,8/16/2024,Refund,L2,Pending,3,Y
TKT-00615,ORD-00380,AGENT-352,9/26/2024,9/26/2024,Seller,L2,Escalated,1,Y
TKT-00616,ORD-00133,AGENT-681,7/24/2024,7/27/2024,Account,L1,Pending,3,Y
TKT-00617,ORD-00596,AGENT-108,2/10/2024,2/13/2024,Account,L2,Pending,5,N
TKT-00618,ORD-00360,AGENT-135,1/22/2024,1/30/2024,Refund,L2,Resolved,3,Y
TKT-00619,ORD-00383,AGENT-472,12/25/2024,1/3/2025,Account,L2,Resolved,3,Y
TKT-00620,ORD-00627,AGENT-642,4/24/2024,5/4/2024,Refund,L1,Escalated,2,N
TKT-00621,ORD-00653,AGENT-970,12/9/2024,12/16/2024,Account,L1,Pending,3,Y
TKT-00622,ORD-00318,AGENT-131,4/6/2024,4/7/2024,Seller,L1,Pending,2,N
TKT-00623,ORD-00050,AGENT-138,12/6/2024,12/6/2024,Return,L2,Escalated,4,Y
TKT-00624,ORD-00120,AGENT-343,11/25/2024,12/3/2024,Return,L2,Escalated,1,Y
TKT-00625,ORD-00698,AGENT-896,10/8/2024,10/18/2024,Logistics,L2,Escalated,3,Y
TKT-00626,ORD-00238,AGENT-364,7/25/2024,8/2/2024,Seller,L2,Escalated,4,N
TKT-00627,ORD-00788,AGENT-841,7/21/2024,7/29/2024,Seller,L2,Pending,2,N
TKT-00628,ORD-00158,AGENT-512,4/13/2024,4/18/2024,Return,L2,Resolved,4,Y
TKT-00629,ORD-00326,AGENT-585,10/13/2024,10/21/2024,Account,L1,Pending,4,Y
TKT-00630,ORD-00365,AGENT-209,7/19/2024,7/27/2024,Account,L1,Pending,1,N
TKT-00631,ORD-00822,AGENT-223,2/11/2024,2/18/2024,Account,L2,Escalated,4,N
TKT-00632,ORD-00353,AGENT-491,12/24/2024,12/25/2024,Return,L2,Pending,2,N
TKT-00633,ORD-00299,AGENT-374,5/12/2024,5/18/2024,Return,L1,Resolved,3,Y
TKT-00634,ORD-00180,AGENT-716,1/21/2024,1/22/2024,Refund,L1,Pending,5,N
TKT-00635,ORD-00976,AGENT-698,11/13/2024,11/23/2024,Return,L2,Pending,2,N
TKT-00636,ORD-00318,AGENT-629,2/26/2024,3/3/2024,Account,L2,Pending,2,N
TKT-00637,ORD-00880,AGENT-702,12/4/2024,12/6/2024,Return,L2,Resolved,1,Y
TKT-00638,ORD-00927,AGENT-234,12/8/2024,12/16/2024,Seller,L1,Resolved,1,N
TKT-00639,ORD-00548,AGENT-648,1/20/2024,1/21/2024,Return,L1,Pending,4,N
TKT-00640,ORD-00636,AGENT-146,8/15/2024,8/16/2024,Refund,L1,Resolved,3,Y
TKT-00641,ORD-00883,AGENT-507,10/3/2024,10/11/2024,Account,L2,Pending,2,Y
TKT-00642,ORD-00204,AGENT-467,5/15/2024,5/23/2024,Seller,L2,Escalated,5,Y
TKT-00643,ORD-00819,AGENT-710,2/21/2024,2/24/2024,Logistics,L1,Resolved,3,Y
TKT-00644,ORD-00655,AGENT-132,9/6/2024,9/7/2024,Account,L2,Escalated,3,Y
TKT-00645,ORD-00118,AGENT-114,8/26/2024,8/30/2024,Return,L2,Resolved,3,N
TKT-00646,ORD-00260,AGENT-576,12/26/2024,1/5/2025,Refund,L2,Pending,1,Y
TKT-00647,ORD-00270,AGENT-247,8/15/2024,8/21/2024,Account,L2,Resolved,1,N
TKT-00648,ORD-00761,AGENT-664,11/3/2024,11/11/2024,Seller,L1,Pending,5,Y
TKT-00649,ORD-00123,AGENT-758,6/30/2024,7/6/2024,Logistics,L1,Resolved,3,N
TKT-00650,ORD-00870,AGENT-920,4/19/2024,4/29/2024,Logistics,L1,Resolved,5,Y
TKT-00651,ORD-00858,AGENT-248,8/28/2024,8/30/2024,Seller,L2,Escalated,5,Y
TKT-00652,ORD-00685,AGENT-912,7/10/2024,7/10/2024,Seller,L2,Escalated,1,Y
TKT-00653,ORD-00748,AGENT-966,11/3/2024,11/6/2024,Account,L2,Escalated,5,N
TKT-00654,ORD-00533,AGENT-976,9/24/2024,9/24/2024,Return,L2,Pending,4,N
TKT-00655,ORD-00606,AGENT-749,10/16/2024,10/22/2024,Seller,L1,Pending,4,N
TKT-00656,ORD-00175,AGENT-982,6/10/2024,6/15/2024,Seller,L1,Escalated,1,Y
TKT-00657,ORD-00302,AGENT-281,5/28/2024,5/30/2024,Seller,L1,Escalated,4,N
TKT-00658,ORD-00691,AGENT-217,7/5/2024,7/10/2024,Seller,L1,Escalated,5,Y
TKT-00659,ORD-00836,AGENT-343,7/28/2024,7/31/2024,Refund,L1,Resolved,2,N
TKT-00660,ORD-00613,AGENT-183,11/30/2024,12/7/2024,Refund,L2,Escalated,3,N
TKT-00661,ORD-00465,AGENT-767,5/14/2024,5/14/2024,Refund,L2,Escalated,4,N
TKT-00662,ORD-00350,AGENT-958,12/17/2024,12/17/2024,Refund,L2,Escalated,2,N
TKT-00663,ORD-00827,AGENT-301,4/11/2024,4/17/2024,Return,L1,Pending,5,Y
TKT-00664,ORD-00596,AGENT-872,2/20/2024,2/28/2024,Refund,L1,Resolved,2,Y
TKT-00665,ORD-00333,AGENT-306,7/1/2024,7/6/2024,Refund,L2,Pending,4,Y
TKT-00666,ORD-00797,AGENT-292,3/21/2024,3/31/2024,Return,L1,Escalated,1,Y
TKT-00667,ORD-00915,AGENT-112,2/5/2024,2/8/2024,Refund,L1,Pending,3,Y
TKT-00668,ORD-00722,AGENT-518,1/15/2024,1/20/2024,Return,L2,Pending,3,Y
TKT-00669,ORD-00782,AGENT-750,10/24/2024,10/27/2024,Seller,L1,Escalated,1,N
TKT-00670,ORD-00133,AGENT-733,9/3/2024,9/7/2024,Seller,L2,Escalated,1,N
TKT-00671,ORD-00720,AGENT-827,5/5/2024,5/13/2024,Logistics,L2,Pending,5,Y
TKT-00672,ORD-00128,AGENT-325,2/13/2024,2/14/2024,Return,L1,Escalated,3,N
TKT-00673,ORD-00317,AGENT-559,10/31/2024,11/4/2024,Logistics,L2,Resolved,4,Y
TKT-00674,ORD-00030,AGENT-118,2/21/2024,2/21/2024,Account,L2,Escalated,2,Y
TKT-00675,ORD-00176,AGENT-454,3/23/2024,3/27/2024,Refund,L2,Escalated,1,N
TKT-00676,ORD-00755,AGENT-833,11/5/2024,11/11/2024,Return,L2,Pending,4,Y
TKT-00677,ORD-00176,AGENT-755,2/18/2024,2/25/2024,Return,L1,Pending,3,N
TKT-00678,ORD-00369,AGENT-798,1/12/2024,1/19/2024,Return,L1,Pending,2,Y
TKT-00679,ORD-00677,AGENT-488,5/31/2024,6/3/2024,Account,L1,Escalated,1,Y
TKT-00680,ORD-00576,AGENT-259,10/25/2024,11/2/2024,Logistics,L2,Pending,4,N
TKT-00681,ORD-00384,AGENT-396,3/26/2024,4/1/2024,Return,L1,Pending,1,Y
TKT-00682,ORD-00846,AGENT-403,3/13/2024,3/14/2024,Return,L1,Resolved,4,N
TKT-00683,ORD-00630,AGENT-914,2/14/2024,2/18/2024,Seller,L1,Pending,3,N
TKT-00684,ORD-00713,AGENT-444,8/3/2024,8/11/2024,Refund,L2,Resolved,3,N
TKT-00685,ORD-00417,AGENT-698,5/25/2024,6/2/2024,Return,L2,Resolved,3,Y
TKT-00686,ORD-00133,AGENT-899,12/18/2024,12/23/2024,Return,L1,Escalated,1,Y
TKT-00687,ORD-00701,AGENT-648,11/7/2024,11/10/2024,Return,L2,Escalated,3,Y
TKT-00688,ORD-00175,AGENT-818,1/9/2024,1/17/2024,Account,L1,Pending,2,Y
TKT-00689,ORD-00125,AGENT-854,2/2/2024,2/8/2024,Return,L2,Resolved,5,N
TKT-00690,ORD-00965,AGENT-611,8/12/2024,8/13/2024,Return,L1,Resolved,1,N
TKT-00691,ORD-00367,AGENT-331,10/8/2024,10/9/2024,Refund,L2,Escalated,5,N
TKT-00692,ORD-00865,AGENT-866,7/31/2024,8/5/2024,Logistics,L2,Escalated,4,Y
TKT-00693,ORD-00546,AGENT-938,9/24/2024,9/27/2024,Account,L1,Escalated,5,N
TKT-00694,ORD-00334,AGENT-795,9/22/2024,9/25/2024,Logistics,L2,Escalated,4,N
TKT-00695,ORD-00065,AGENT-794,7/16/2024,7/18/2024,Seller,L2,Resolved,2,Y
TKT-00696,ORD-00143,AGENT-895,1/29/2024,2/5/2024,Return,L2,Escalated,4,N
TKT-00697,ORD-00427,AGENT-320,11/5/2024,11/7/2024,Account,L2,Resolved,4,Y
TKT-00698,ORD-00348,AGENT-655,9/3/2024,9/11/2024,Logistics,L2,Escalated,3,N
TKT-00699,ORD-00636,AGENT-259,11/25/2024,11/25/2024,Refund,L1,Pending,2,Y
TKT-00700,ORD-00897,AGENT-338,6/7/2024,6/16/2024,Logistics,L2,Resolved,5,Y
TKT-00701,ORD-00662,AGENT-513,1/26/2024,1/26/2024,Return,L1,Escalated,1,Y
TKT-00702,ORD-00343,AGENT-398,1/2/2024,1/6/2024,Logistics,L1,Resolved,3,Y
TKT-00703,ORD-00627,AGENT-943,10/7/2024,10/13/2024,Return,L2,Escalated,2,N
TKT-00704,ORD-00671,AGENT-601,12/12/2024,12/17/2024,Refund,L1,Escalated,1,N
TKT-00705,ORD-00094,AGENT-888,6/19/2024,6/22/2024,Logistics,L2,Resolved,4,Y
TKT-00706,ORD-00893,AGENT-475,4/16/2024,4/20/2024,Seller,L2,Resolved,2,N
TKT-00707,ORD-00329,AGENT-681,5/12/2024,5/20/2024,Seller,L2,Resolved,5,Y
TKT-00708,ORD-00136,AGENT-713,11/15/2024,11/25/2024,Refund,L2,Resolved,1,N
TKT-00709,ORD-00965,AGENT-256,12/26/2024,12/31/2024,Seller,L2,Resolved,3,Y
TKT-00710,ORD-00056,AGENT-160,5/20/2024,5/20/2024,Return,L1,Escalated,3,Y
TKT-00711,ORD-00949,AGENT-534,6/21/2024,6/27/2024,Account,L1,Escalated,4,Y
TKT-00712,ORD-00358,AGENT-119,10/29/2024,10/29/2024,Refund,L2,Pending,5,Y
TKT-00713,ORD-00166,AGENT-858,10/19/2024,10/26/2024,Refund,L1,Escalated,3,Y
TKT-00714,ORD-00524,AGENT-136,1/20/2024,1/28/2024,Account,L2,Pending,3,N
TKT-00715,ORD-00694,AGENT-896,10/22/2024,10/29/2024,Logistics,L1,Escalated,2,Y
TKT-00716,ORD-00001,AGENT-837,12/28/2024,1/7/2025,Account,L1,Escalated,3,N
TKT-00717,ORD-00095,AGENT-427,6/29/2024,7/6/2024,Refund,L1,Resolved,2,Y
TKT-00718,ORD-00639,AGENT-545,12/5/2024,12/6/2024,Return,L1,Pending,3,N
TKT-00719,ORD-00615,AGENT-241,1/27/2024,1/31/2024,Refund,L1,Pending,3,N
TKT-00720,ORD-00842,AGENT-758,8/25/2024,8/27/2024,Return,L1,Resolved,2,Y
TKT-00721,ORD-00889,AGENT-102,2/16/2024,2/21/2024,Logistics,L1,Resolved,4,N
TKT-00722,ORD-00065,AGENT-172,7/18/2024,7/27/2024,Seller,L2,Pending,5,Y
TKT-00723,ORD-00667,AGENT-238,5/15/2024,5/22/2024,Return,L2,Resolved,2,N
TKT-00724,ORD-00514,AGENT-722,10/22/2024,10/24/2024,Return,L2,Pending,5,N
TKT-00725,ORD-00594,AGENT-720,1/7/2024,1/10/2024,Return,L2,Escalated,4,Y
TKT-00726,ORD-00352,AGENT-208,1/24/2024,1/27/2024,Return,L1,Pending,4,N
TKT-00727,ORD-00360,AGENT-954,10/6/2024,10/12/2024,Account,L2,Escalated,5,N
TKT-00728,ORD-00400,AGENT-472,5/30/2024,6/8/2024,Refund,L2,Resolved,2,N
TKT-00729,ORD-00902,AGENT-277,11/6/2024,11/16/2024,Refund,L1,Resolved,1,Y
TKT-00730,ORD-00773,AGENT-440,12/21/2024,12/24/2024,Logistics,L2,Escalated,4,Y
TKT-00731,ORD-00399,AGENT-897,4/22/2024,4/29/2024,Logistics,L1,Resolved,1,N
TKT-00732,ORD-00520,AGENT-808,2/28/2024,3/6/2024,Account,L1,Pending,4,Y
TKT-00733,ORD-00094,AGENT-245,11/1/2024,11/10/2024,Account,L2,Resolved,2,Y
TKT-00734,ORD-00155,AGENT-329,7/7/2024,7/16/2024,Return,L1,Pending,2,Y
TKT-00735,ORD-00089,AGENT-770,3/11/2024,3/11/2024,Refund,L1,Escalated,3,Y
TKT-00736,ORD-00383,AGENT-317,1/25/2024,1/27/2024,Account,L2,Escalated,5,Y
TKT-00737,ORD-00726,AGENT-765,11/17/2024,11/27/2024,Account,L2,Pending,3,N
TKT-00738,ORD-00944,AGENT-997,11/26/2024,12/3/2024,Logistics,L1,Escalated,5,N
TKT-00739,ORD-00760,AGENT-525,10/31/2024,11/7/2024,Seller,L1,Resolved,3,N
TKT-00740,ORD-00482,AGENT-453,7/29/2024,7/29/2024,Account,L2,Resolved,5,Y
TKT-00741,ORD-00209,AGENT-740,5/4/2024,5/12/2024,Account,L1,Pending,3,Y
TKT-00742,ORD-00243,AGENT-807,11/24/2024,11/28/2024,Account,L1,Pending,1,N
TKT-00743,ORD-00518,AGENT-949,5/25/2024,6/4/2024,Account,L1,Pending,2,N
TKT-00744,ORD-00330,AGENT-450,3/20/2024,3/26/2024,Seller,L2,Resolved,2,Y
TKT-00745,ORD-00341,AGENT-511,5/27/2024,6/2/2024,Return,L2,Resolved,3,Y
TKT-00746,ORD-00976,AGENT-227,1/4/2024,1/12/2024,Return,L1,Escalated,5,N
TKT-00747,ORD-01000,AGENT-205,3/8/2024,3/14/2024,Seller,L2,Escalated,1,Y
TKT-00748,ORD-00837,AGENT-570,12/8/2024,12/8/2024,Logistics,L2,Pending,4,N
TKT-00749,ORD-00900,AGENT-967,10/14/2024,10/15/2024,Seller,L2,Pending,4,N
TKT-00750,ORD-00204,AGENT-924,3/8/2024,3/10/2024,Seller,L1,Escalated,5,Y
TKT-00751,ORD-00370,AGENT-692,5/9/2024,5/12/2024,Refund,L2,Pending,3,N
TKT-00752,ORD-00349,AGENT-141,11/7/2024,11/13/2024,Account,L2,Escalated,5,N
TKT-00753,ORD-00248,AGENT-502,6/25/2024,6/28/2024,Refund,L2,Pending,1,N
TKT-00754,ORD-00409,AGENT-149,10/25/2024,11/3/2024,Seller,L2,Resolved,5,N
TKT-00755,ORD-00744,AGENT-851,7/13/2024,7/19/2024,Refund,L1,Escalated,5,Y
TKT-00756,ORD-00551,AGENT-276,5/31/2024,6/4/2024,Refund,L2,Pending,4,N
TKT-00757,ORD-00002,AGENT-115,12/26/2024,12/30/2024,Logistics,L2,Resolved,1,N
TKT-00758,ORD-00186,AGENT-792,10/1/2024,10/1/2024,Refund,L1,Resolved,1,Y
TKT-00759,ORD-00587,AGENT-437,2/27/2024,3/7/2024,Return,L1,Resolved,3,Y
TKT-00760,ORD-00074,AGENT-128,9/15/2024,9/18/2024,Return,L1,Escalated,5,N
TKT-00761,ORD-00926,AGENT-406,11/4/2024,11/13/2024,Account,L2,Pending,2,N
TKT-00762,ORD-00538,AGENT-731,9/19/2024,9/26/2024,Seller,L2,Pending,3,N
TKT-00763,ORD-00740,AGENT-975,9/18/2024,9/18/2024,Refund,L1,Pending,4,N
TKT-00764,ORD-00652,AGENT-863,12/7/2024,12/13/2024,Refund,L1,Resolved,3,N
TKT-00765,ORD-00205,AGENT-955,4/14/2024,4/14/2024,Account,L2,Escalated,4,Y
TKT-00766,ORD-00584,AGENT-534,10/22/2024,10/22/2024,Logistics,L2,Escalated,1,N
TKT-00767,ORD-00120,AGENT-234,12/19/2024,12/29/2024,Account,L2,Pending,1,Y
TKT-00768,ORD-00097,AGENT-393,11/13/2024,11/20/2024,Return,L1,Pending,3,Y
TKT-00769,ORD-00735,AGENT-729,8/5/2024,8/8/2024,Logistics,L2,Pending,1,N
TKT-00770,ORD-00429,AGENT-394,5/29/2024,6/3/2024,Return,L1,Escalated,1,N
TKT-00771,ORD-00476,AGENT-383,12/26/2024,12/30/2024,Return,L1,Escalated,2,Y
TKT-00772,ORD-00001,AGENT-100,7/19/2024,7/27/2024,Refund,L2,Pending,2,N
TKT-00773,ORD-00049,AGENT-712,9/13/2024,9/14/2024,Logistics,L2,Resolved,5,Y
TKT-00774,ORD-00377,AGENT-505,3/3/2024,3/10/2024,Logistics,L2,Pending,5,N
TKT-00775,ORD-00275,AGENT-541,12/31/2024,1/10/2025,Account,L2,Escalated,2,N
TKT-00776,ORD-00913,AGENT-870,4/24/2024,4/27/2024,Return,L2,Escalated,4,Y
TKT-00777,ORD-00051,AGENT-227,8/21/2024,8/21/2024,Refund,L2,Resolved,5,Y
TKT-00778,ORD-00098,AGENT-512,11/21/2024,11/27/2024,Account,L1,Resolved,2,N
TKT-00779,ORD-00418,AGENT-375,1/13/2024,1/20/2024,Account,L1,Resolved,4,N
TKT-00780,ORD-00740,AGENT-569,11/5/2024,11/10/2024,Refund,L1,Escalated,3,Y
TKT-00781,ORD-00158,AGENT-955,1/5/2024,1/13/2024,Account,L1,Escalated,1,N
TKT-00782,ORD-00232,AGENT-226,7/3/2024,7/5/2024,Refund,L2,Resolved,3,N
TKT-00783,ORD-00240,AGENT-427,12/7/2024,12/15/2024,Seller,L1,Escalated,1,N
TKT-00784,ORD-00047,AGENT-357,5/3/2024,5/6/2024,Return,L2,Resolved,1,N
TKT-00785,ORD-00131,AGENT-998,8/17/2024,8/20/2024,Account,L2,Pending,1,N
TKT-00786,ORD-00104,AGENT-782,7/12/2024,7/18/2024,Logistics,L2,Pending,2,Y
TKT-00787,ORD-00741,AGENT-569,7/11/2024,7/18/2024,Account,L1,Escalated,5,Y
TKT-00788,ORD-00387,AGENT-222,12/25/2024,12/28/2024,Return,L2,Escalated,2,N
TKT-00789,ORD-00712,AGENT-784,3/23/2024,3/30/2024,Return,L2,Resolved,3,Y
TKT-00790,ORD-00101,AGENT-942,7/7/2024,7/11/2024,Account,L2,Escalated,4,Y
TKT-00791,ORD-00721,AGENT-356,1/14/2024,1/16/2024,Logistics,L1,Escalated,4,Y
TKT-00792,ORD-00337,AGENT-945,9/16/2024,9/22/2024,Logistics,L2,Pending,5,N
TKT-00793,ORD-00618,AGENT-993,12/25/2024,1/4/2025,Account,L2,Pending,2,N
TKT-00794,ORD-00780,AGENT-817,6/13/2024,6/15/2024,Account,L2,Escalated,1,Y
TKT-00795,ORD-00503,AGENT-424,2/15/2024,2/18/2024,Logistics,L1,Escalated,4,N
TKT-00796,ORD-00405,AGENT-391,2/21/2024,3/1/2024,Return,L1,Escalated,2,Y
TKT-00797,ORD-00960,AGENT-355,12/3/2024,12/8/2024,Return,L1,Resolved,5,N
TKT-00798,ORD-00852,AGENT-579,4/16/2024,4/18/2024,Refund,L1,Pending,4,Y
TKT-00799,ORD-00391,AGENT-340,11/21/2024,11/21/2024,Seller,L2,Escalated,1,Y
TKT-00800,ORD-00418,AGENT-764,6/21/2024,6/24/2024,Account,L2,Escalated,1,N
TKT-00801,ORD-00893,AGENT-215,10/11/2024,10/14/2024,Refund,L2,Resolved,3,N
TKT-00802,ORD-00409,AGENT-250,2/29/2024,2/29/2024,Refund,L2,Pending,1,Y
TKT-00803,ORD-00239,AGENT-300,6/23/2024,6/29/2024,Seller,L1,Escalated,1,Y
TKT-00804,ORD-00659,AGENT-558,9/9/2024,9/19/2024,Logistics,L1,Escalated,4,Y
TKT-00805,ORD-00544,AGENT-611,3/19/2024,3/25/2024,Account,L1,Escalated,4,N
TKT-00806,ORD-00546,AGENT-591,5/27/2024,5/29/2024,Logistics,L1,Resolved,5,N
TKT-00807,ORD-00191,AGENT-379,3/12/2024,3/15/2024,Account,L2,Pending,1,Y
TKT-00808,ORD-00723,AGENT-479,6/6/2024,6/7/2024,Refund,L2,Pending,2,N
TKT-00809,ORD-00511,AGENT-201,5/20/2024,5/25/2024,Refund,L1,Resolved,3,Y
TKT-00810,ORD-00881,AGENT-815,5/17/2024,5/22/2024,Logistics,L2,Escalated,4,N
TKT-00811,ORD-00515,AGENT-200,7/12/2024,7/22/2024,Return,L2,Escalated,5,Y
TKT-00812,ORD-00369,AGENT-944,7/1/2024,7/8/2024,Logistics,L1,Escalated,1,Y
TKT-00813,ORD-00246,AGENT-342,12/11/2024,12/20/2024,Refund,L2,Resolved,3,N
TKT-00814,ORD-00388,AGENT-306,3/9/2024,3/17/2024,Account,L1,Pending,1,N
TKT-00815,ORD-00013,AGENT-431,4/2/2024,4/5/2024,Account,L1,Pending,3,Y
TKT-00816,ORD-00509,AGENT-899,10/22/2024,10/23/2024,Logistics,L1,Escalated,2,N
TKT-00817,ORD-00096,AGENT-373,2/11/2024,2/16/2024,Logistics,L2,Escalated,1,Y
TKT-00818,ORD-00077,AGENT-715,6/9/2024,6/12/2024,Account,L1,Escalated,3,Y
TKT-00819,ORD-00033,AGENT-318,10/16/2024,10/24/2024,Refund,L1,Pending,2,N
TKT-00820,ORD-00495,AGENT-961,11/16/2024,11/17/2024,Seller,L2,Resolved,2,N
TKT-00821,ORD-00845,AGENT-754,10/3/2024,10/7/2024,Return,L2,Escalated,1,N
TKT-00822,ORD-00843,AGENT-421,9/27/2024,9/27/2024,Return,L2,Escalated,2,N
TKT-00823,ORD-00428,AGENT-651,9/30/2024,10/9/2024,Return,L1,Pending,4,N
TKT-00824,ORD-00100,AGENT-126,1/23/2024,1/25/2024,Return,L2,Resolved,1,Y
TKT-00825,ORD-00164,AGENT-395,1/16/2024,1/22/2024,Return,L2,Resolved,5,Y
TKT-00826,ORD-00176,AGENT-740,7/14/2024,7/22/2024,Refund,L2,Resolved,1,N
TKT-00827,ORD-00529,AGENT-516,6/12/2024,6/21/2024,Seller,L2,Resolved,1,N
TKT-00828,ORD-00091,AGENT-687,4/19/2024,4/28/2024,Account,L2,Escalated,3,Y
TKT-00829,ORD-00323,AGENT-213,12/4/2024,12/11/2024,Logistics,L2,Pending,3,Y
TKT-00830,ORD-00201,AGENT-408,1/18/2024,1/20/2024,Refund,L1,Resolved,2,N
TKT-00831,ORD-00312,AGENT-151,2/16/2024,2/23/2024,Logistics,L2,Resolved,4,Y
TKT-00832,ORD-00653,AGENT-503,6/27/2024,7/4/2024,Return,L2,Resolved,3,N
TKT-00833,ORD-00057,AGENT-447,6/21/2024,6/26/2024,Logistics,L1,Resolved,4,N
TKT-00834,ORD-00622,AGENT-240,6/3/2024,6/3/2024,Return,L2,Escalated,5,Y
TKT-00835,ORD-00971,AGENT-519,9/10/2024,9/18/2024,Account,L2,Resolved,3,Y
TKT-00836,ORD-00258,AGENT-739,7/28/2024,7/30/2024,Return,L2,Resolved,2,N
TKT-00837,ORD-00916,AGENT-787,10/9/2024,10/18/2024,Refund,L2,Resolved,3,Y
TKT-00838,ORD-00494,AGENT-131,11/27/2024,12/1/2024,Return,L2,Resolved,1,Y
TKT-00839,ORD-00851,AGENT-453,11/19/2024,11/22/2024,Account,L1,Escalated,4,Y
TKT-00840,ORD-00835,AGENT-970,9/22/2024,9/30/2024,Logistics,L2,Resolved,5,N
TKT-00841,ORD-00114,AGENT-994,2/5/2024,2/14/2024,Seller,L2,Resolved,3,Y
TKT-00842,ORD-00992,AGENT-349,5/4/2024,5/14/2024,Logistics,L1,Pending,1,N
TKT-00843,ORD-00088,AGENT-522,11/13/2024,11/23/2024,Logistics,L1,Pending,2,N
TKT-00844,ORD-00697,AGENT-288,6/3/2024,6/7/2024,Return,L1,Escalated,2,N
TKT-00845,ORD-00837,AGENT-511,7/21/2024,7/27/2024,Account,L2,Escalated,3,Y
TKT-00846,ORD-00310,AGENT-632,7/20/2024,7/20/2024,Refund,L1,Pending,4,Y
TKT-00847,ORD-00308,AGENT-569,1/12/2024,1/13/2024,Return,L2,Resolved,5,N
TKT-00848,ORD-00478,AGENT-295,7/11/2024,7/21/2024,Return,L2,Escalated,1,N
TKT-00849,ORD-00427,AGENT-253,1/3/2024,1/6/2024,Logistics,L2,Resolved,4,N
TKT-00850,ORD-00981,AGENT-298,9/30/2024,10/3/2024,Refund,L2,Pending,4,N
TKT-00851,ORD-00405,AGENT-870,1/18/2024,1/18/2024,Logistics,L1,Resolved,1,Y
TKT-00852,ORD-00921,AGENT-875,4/20/2024,4/21/2024,Return,L2,Resolved,2,N
TKT-00853,ORD-00801,AGENT-658,2/21/2024,3/2/2024,Seller,L2,Resolved,5,Y
TKT-00854,ORD-00635,AGENT-836,6/22/2024,7/1/2024,Account,L2,Resolved,5,Y
TKT-00855,ORD-00919,AGENT-284,8/26/2024,8/28/2024,Seller,L2,Resolved,3,Y
TKT-00856,ORD-00309,AGENT-696,11/3/2024,11/10/2024,Account,L2,Escalated,1,Y
TKT-00857,ORD-00128,AGENT-123,8/15/2024,8/18/2024,Return,L1,Resolved,4,Y
TKT-00858,ORD-00417,AGENT-598,8/28/2024,9/3/2024,Seller,L1,Escalated,5,N
TKT-00859,ORD-00541,AGENT-455,9/30/2024,10/4/2024,Return,L1,Pending,2,Y
TKT-00860,ORD-00273,AGENT-731,9/24/2024,10/2/2024,Return,L1,Pending,5,N
TKT-00861,ORD-00752,AGENT-346,3/6/2024,3/8/2024,Refund,L2,Escalated,1,Y
TKT-00862,ORD-00573,AGENT-299,4/16/2024,4/22/2024,Account,L2,Escalated,4,N
TKT-00863,ORD-00660,AGENT-707,3/17/2024,3/17/2024,Return,L2,Pending,2,N
TKT-00864,ORD-00059,AGENT-156,8/16/2024,8/17/2024,Seller,L1,Escalated,4,Y
TKT-00865,ORD-00846,AGENT-879,9/20/2024,9/26/2024,Return,L1,Resolved,2,N
TKT-00866,ORD-00177,AGENT-512,7/29/2024,8/6/2024,Return,L2,Resolved,1,Y
TKT-00867,ORD-00942,AGENT-279,3/31/2024,4/10/2024,Logistics,L1,Pending,3,N
TKT-00868,ORD-00331,AGENT-478,10/19/2024,10/24/2024,Account,L1,Escalated,2,N
TKT-00869,ORD-00607,AGENT-735,4/26/2024,5/3/2024,Refund,L1,Resolved,4,Y
TKT-00870,ORD-00203,AGENT-676,1/1/2024,1/8/2024,Account,L1,Pending,5,N
TKT-00871,ORD-00989,AGENT-271,12/26/2024,12/26/2024,Logistics,L1,Pending,4,N
TKT-00872,ORD-00530,AGENT-305,7/22/2024,7/22/2024,Return,L2,Escalated,2,Y
TKT-00873,ORD-00232,AGENT-545,5/30/2024,6/2/2024,Account,L1,Pending,1,N
TKT-00874,ORD-00533,AGENT-755,8/1/2024,8/1/2024,Return,L2,Resolved,1,N
TKT-00875,ORD-00776,AGENT-506,9/27/2024,10/5/2024,Return,L1,Pending,2,N
TKT-00876,ORD-00991,AGENT-419,7/28/2024,8/3/2024,Seller,L2,Pending,4,N
TKT-00877,ORD-00847,AGENT-850,8/6/2024,8/11/2024,Refund,L1,Escalated,5,Y
TKT-00878,ORD-00079,AGENT-525,7/12/2024,7/12/2024,Refund,L1,Escalated,3,Y
TKT-00879,ORD-00526,AGENT-449,12/29/2024,1/2/2025,Account,L1,Escalated,5,N
TKT-00880,ORD-00342,AGENT-624,3/30/2024,4/7/2024,Refund,L2,Pending,4,N
TKT-00881,ORD-00709,AGENT-499,9/9/2024,9/9/2024,Seller,L1,Pending,2,Y
TKT-00882,ORD-00281,AGENT-334,3/4/2024,3/8/2024,Logistics,L1,Pending,3,Y
TKT-00883,ORD-00995,AGENT-108,2/2/2024,2/6/2024,Return,L2,Escalated,2,Y
TKT-00884,ORD-00375,AGENT-833,8/25/2024,9/3/2024,Refund,L2,Pending,1,N
TKT-00885,ORD-00806,AGENT-570,11/25/2024,11/27/2024,Logistics,L2,Resolved,5,Y
TKT-00886,ORD-00019,AGENT-737,7/24/2024,7/30/2024,Seller,L2,Escalated,2,Y
TKT-00887,ORD-00440,AGENT-626,3/27/2024,3/28/2024,Account,L1,Escalated,5,Y
TKT-00888,ORD-00347,AGENT-956,3/7/2024,3/11/2024,Seller,L2,Pending,5,N
TKT-00889,ORD-00690,AGENT-304,3/16/2024,3/16/2024,Return,L2,Escalated,3,Y
TKT-00890,ORD-00008,AGENT-979,10/5/2024,10/8/2024,Seller,L2,Escalated,4,Y
TKT-00891,ORD-00896,AGENT-270,1/3/2024,1/11/2024,Refund,L2,Escalated,3,N
TKT-00892,ORD-00981,AGENT-136,12/6/2024,12/12/2024,Refund,L2,Pending,1,Y
TKT-00893,ORD-00112,AGENT-482,7/21/2024,7/28/2024,Account,L1,Escalated,1,N
TKT-00894,ORD-00123,AGENT-989,8/27/2024,8/27/2024,Logistics,L2,Resolved,5,N
TKT-00895,ORD-00125,AGENT-822,7/10/2024,7/12/2024,Return,L2,Pending,3,Y
TKT-00896,ORD-00207,AGENT-253,6/6/2024,6/10/2024,Logistics,L2,Escalated,4,Y
TKT-00897,ORD-00519,AGENT-939,2/13/2024,2/22/2024,Refund,L2,Resolved,2,Y
TKT-00898,ORD-00420,AGENT-865,5/29/2024,6/4/2024,Logistics,L1,Resolved,3,N
TKT-00899,ORD-00357,AGENT-225,2/5/2024,2/10/2024,Refund,L2,Pending,1,Y
TKT-00900,ORD-00265,AGENT-959,10/26/2024,10/31/2024,Logistics,L2,Pending,5,Y
TKT-00901,ORD-00868,AGENT-225,9/18/2024,9/26/2024,Return,L1,Resolved,2,N
TKT-00902,ORD-00171,AGENT-303,4/27/2024,4/30/2024,Logistics,L1,Resolved,3,Y
TKT-00903,ORD-00972,AGENT-762,8/1/2024,8/3/2024,Return,L1,Escalated,4,Y
TKT-00904,ORD-00754,AGENT-293,11/6/2024,11/9/2024,Refund,L2,Escalated,1,Y
TKT-00905,ORD-00621,AGENT-126,7/12/2024,7/20/2024,Logistics,L2,Resolved,3,N
TKT-00906,ORD-00729,AGENT-500,4/30/2024,5/5/2024,Refund,L1,Resolved,1,N
TKT-00907,ORD-00165,AGENT-227,3/10/2024,3/14/2024,Refund,L2,Pending,2,N
TKT-00908,ORD-00115,AGENT-697,12/11/2024,12/19/2024,Return,L2,Pending,5,N
TKT-00909,ORD-00352,AGENT-545,2/16/2024,2/23/2024,Return,L1,Pending,3,Y
TKT-00910,ORD-00082,AGENT-344,5/19/2024,5/22/2024,Logistics,L1,Escalated,2,Y
TKT-00911,ORD-00217,AGENT-627,5/6/2024,5/11/2024,Account,L2,Pending,1,N
TKT-00912,ORD-00399,AGENT-410,2/8/2024,2/9/2024,Account,L2,Pending,1,N
TKT-00913,ORD-00555,AGENT-648,10/5/2024,10/6/2024,Refund,L1,Pending,2,N
TKT-00914,ORD-00985,AGENT-674,2/26/2024,3/5/2024,Refund,L1,Escalated,1,Y
TKT-00915,ORD-00215,AGENT-230,10/30/2024,11/2/2024,Refund,L2,Pending,2,N
TKT-00916,ORD-00640,AGENT-688,6/1/2024,6/3/2024,Seller,L2,Escalated,4,N
TKT-00917,ORD-00903,AGENT-647,4/1/2024,4/3/2024,Return,L1,Pending,1,N
TKT-00918,ORD-00252,AGENT-109,12/24/2024,12/29/2024,Logistics,L1,Pending,2,Y
TKT-00919,ORD-00393,AGENT-718,2/11/2024,2/13/2024,Refund,L2,Pending,2,Y
TKT-00920,ORD-00163,AGENT-662,5/9/2024,5/12/2024,Account,L1,Resolved,1,N
TKT-00921,ORD-00490,AGENT-229,4/8/2024,4/17/2024,Logistics,L2,Pending,2,Y
TKT-00922,ORD-00493,AGENT-853,5/13/2024,5/16/2024,Logistics,L2,Pending,1,N
TKT-00923,ORD-00851,AGENT-586,9/29/2024,10/7/2024,Logistics,L2,Escalated,3,Y
TKT-00924,ORD-00408,AGENT-839,10/5/2024,10/14/2024,Seller,L1,Pending,5,N
TKT-00925,ORD-00271,AGENT-207,7/16/2024,7/21/2024,Refund,L2,Escalated,2,N
TKT-00926,ORD-00599,AGENT-103,4/15/2024,4/25/2024,Account,L2,Pending,5,N
TKT-00927,ORD-00903,AGENT-960,2/20/2024,3/1/2024,Return,L2,Resolved,5,Y
TKT-00928,ORD-00317,AGENT-940,2/12/2024,2/18/2024,Account,L1,Pending,2,N
TKT-00929,ORD-00897,AGENT-215,2/16/2024,2/22/2024,Seller,L2,Resolved,5,N
TKT-00930,ORD-00791,AGENT-904,6/11/2024,6/17/2024,Seller,L2,Escalated,3,N
TKT-00931,ORD-00767,AGENT-928,1/22/2024,1/27/2024,Return,L1,Escalated,1,N
TKT-00932,ORD-00560,AGENT-521,3/12/2024,3/16/2024,Return,L1,Resolved,5,Y
TKT-00933,ORD-00638,AGENT-327,11/14/2024,11/23/2024,Return,L1,Escalated,2,N
TKT-00934,ORD-00140,AGENT-797,9/15/2024,9/24/2024,Seller,L1,Resolved,5,N
TKT-00935,ORD-00894,AGENT-293,3/7/2024,3/13/2024,Return,L1,Pending,2,Y
TKT-00936,ORD-00865,AGENT-117,5/13/2024,5/14/2024,Logistics,L2,Escalated,4,N
TKT-00937,ORD-00046,AGENT-564,9/18/2024,9/18/2024,Refund,L1,Resolved,3,N
TKT-00938,ORD-00969,AGENT-752,8/7/2024,8/7/2024,Refund,L2,Pending,3,Y
TKT-00939,ORD-00592,AGENT-589,7/20/2024,7/21/2024,Account,L1,Resolved,5,N
TKT-00940,ORD-00862,AGENT-741,7/26/2024,7/27/2024,Return,L1,Pending,1,Y
TKT-00941,ORD-00355,AGENT-588,12/20/2024,12/27/2024,Account,L1,Pending,3,N
TKT-00942,ORD-00999,AGENT-521,11/5/2024,11/13/2024,Account,L2,Pending,4,Y
TKT-00943,ORD-00819,AGENT-383,2/24/2024,2/24/2024,Logistics,L2,Escalated,1,Y
TKT-00944,ORD-00832,AGENT-358,4/30/2024,5/8/2024,Refund,L1,Pending,2,Y
TKT-00945,ORD-00042,AGENT-684,10/4/2024,10/4/2024,Account,L2,Resolved,4,Y
TKT-00946,ORD-00207,AGENT-445,4/8/2024,4/12/2024,Account,L1,Escalated,4,N
TKT-00947,ORD-00331,AGENT-867,2/15/2024,2/15/2024,Logistics,L1,Pending,5,N
TKT-00948,ORD-00522,AGENT-284,1/23/2024,2/2/2024,Return,L2,Escalated,4,Y
TKT-00949,ORD-00663,AGENT-337,5/28/2024,6/2/2024,Seller,L1,Escalated,4,N
TKT-00950,ORD-00689,AGENT-100,7/16/2024,7/17/2024,Return,L1,Escalated,1,Y
TKT-00951,ORD-00939,AGENT-830,11/2/2024,11/4/2024,Return,L1,Pending,5,N
TKT-00952,ORD-00778,AGENT-755,3/16/2024,3/16/2024,Refund,L2,Pending,5,Y
TKT-00953,ORD-00292,AGENT-872,7/27/2024,8/1/2024,Logistics,L1,Resolved,1,N
TKT-00954,ORD-00371,AGENT-821,4/27/2024,5/2/2024,Refund,L1,Pending,5,Y
TKT-00955,ORD-00312,AGENT-416,7/3/2024,7/7/2024,Refund,L1,Pending,3,N
TKT-00956,ORD-00733,AGENT-440,7/11/2024,7/21/2024,Seller,L1,Pending,1,Y
TKT-00957,ORD-00687,AGENT-940,11/14/2024,11/15/2024,Logistics,L2,Resolved,1,Y
TKT-00958,ORD-00514,AGENT-193,5/26/2024,5/29/2024,Account,L1,Resolved,2,N
TKT-00959,ORD-00810,AGENT-499,7/3/2024,7/9/2024,Refund,L2,Escalated,5,Y
TKT-00960,ORD-00161,AGENT-909,2/1/2024,2/7/2024,Refund,L2,Resolved,4,Y
TKT-00961,ORD-00413,AGENT-143,10/11/2024,10/17/2024,Seller,L1,Escalated,1,Y
TKT-00962,ORD-00817,AGENT-262,9/20/2024,9/25/2024,Logistics,L1,Resolved,2,N
TKT-00963,ORD-00797,AGENT-141,11/6/2024,11/14/2024,Seller,L2,Pending,5,Y
TKT-00964,ORD-00247,AGENT-576,5/9/2024,5/19/2024,Logistics,L2,Escalated,3,N
TKT-00965,ORD-00352,AGENT-209,11/29/2024,12/9/2024,Return,L2,Escalated,2,Y
TKT-00966,ORD-00136,AGENT-194,3/24/2024,4/1/2024,Return,L1,Resolved,1,N
TKT-00967,ORD-00640,AGENT-813,3/4/2024,3/4/2024,Seller,L2,Resolved,3,N
TKT-00968,ORD-00928,AGENT-408,1/27/2024,2/1/2024,Return,L1,Resolved,5,Y
TKT-00969,ORD-00420,AGENT-248,1/29/2024,2/8/2024,Refund,L1,Resolved,5,Y
TKT-00970,ORD-00391,AGENT-264,5/25/2024,6/3/2024,Refund,L1,Escalated,3,Y
TKT-00971,ORD-00576,AGENT-388,2/14/2024,2/14/2024,Return,L1,Escalated,3,N
TKT-00972,ORD-00603,AGENT-340,11/1/2024,11/9/2024,Logistics,L1,Resolved,5,Y
TKT-00973,ORD-00728,AGENT-841,9/17/2024,9/17/2024,Logistics,L2,Resolved,5,Y
TKT-00974,ORD-00660,AGENT-617,7/24/2024,7/24/2024,Return,L1,Escalated,4,Y
TKT-00975,ORD-00647,AGENT-458,11/15/2024,11/19/2024,Logistics,L2,Resolved,3,N
TKT-00976,ORD-00880,AGENT-659,1/26/2024,1/27/2024,Seller,L2,Escalated,2,N
TKT-00977,ORD-00618,AGENT-593,1/20/2024,1/26/2024,Logistics,L2,Escalated,5,Y
TKT-00978,ORD-00873,AGENT-839,4/30/2024,5/4/2024,Seller,L2,Resolved,5,Y
TKT-00979,ORD-00958,AGENT-851,10/25/2024,10/25/2024,Account,L2,Escalated,4,N
TKT-00980,ORD-00744,AGENT-837,12/25/2024,1/1/2025,Seller,L1,Escalated,5,Y
TKT-00981,ORD-00878,AGENT-155,9/30/2024,10/5/2024,Logistics,L1,Resolved,2,Y
TKT-00982,ORD-00776,AGENT-302,10/9/2024,10/9/2024,Logistics,L2,Escalated,1,N
TKT-00983,ORD-00397,AGENT-147,5/13/2024,5/22/2024,Refund,L1,Pending,3,Y
TKT-00984,ORD-00334,AGENT-697,2/15/2024,2/18/2024,Logistics,L2,Resolved,3,N
TKT-00985,ORD-00447,AGENT-343,4/1/2024,4/3/2024,Logistics,L1,Escalated,4,Y
TKT-00986,ORD-00895,AGENT-554,11/17/2024,11/19/2024,Logistics,L2,Pending,2,Y
TKT-00987,ORD-00133,AGENT-147,2/17/2024,2/22/2024,Account,L1,Escalated,1,Y
TKT-00988,ORD-00967,AGENT-136,3/1/2024,3/6/2024,Refund,L1,Escalated,1,Y
TKT-00989,ORD-00030,AGENT-495,10/23/2024,10/31/2024,Seller,L2,Resolved,2,Y
TKT-00990,ORD-00927,AGENT-659,4/19/2024,4/19/2024,Refund,L2,Escalated,1,N
TKT-00991,ORD-00221,AGENT-327,2/15/2024,2/19/2024,Refund,L1,Resolved,3,N
TKT-00992,ORD-00855,AGENT-551,1/12/2024,1/12/2024,Return,L1,Escalated,2,Y
TKT-00993,ORD-00052,AGENT-717,8/23/2024,8/27/2024,Return,L2,Resolved,4,Y
TKT-00994,ORD-00856,AGENT-173,4/12/2024,4/20/2024,Return,L1,Pending,5,N
TKT-00995,ORD-00762,AGENT-738,4/3/2024,4/12/2024,Refund,L1,Resolved,5,N
TKT-00996,ORD-00748,AGENT-421,7/12/2024,7/12/2024,Refund,L1,Resolved,3,Y
TKT-00997,ORD-00604,AGENT-744,10/20/2024,10/23/2024,Refund,L1,Resolved,1,Y
TKT-00998,ORD-00795,AGENT-616,3/6/2024,3/16/2024,Refund,L1,Resolved,2,N
TKT-00999,ORD-00458,AGENT-177,5/18/2024,5/28/2024,Return,L2,Resolved,3,N
TKT-01000,ORD-00152,AGENT-370,7/4/2024,7/7/2024,Refund,L1,Pending,1,N
,,,,,,,,,511
